時間戳記,請問您的性別是：,您的年齡：,教育程度（學歷） , 請問您的職業是:,居住地區：,請問您每月平均所得為?,請問您每月平均支出為? ,請問您曾經使用過防曬商品嗎?,"(呈上題) 針對選到 ""一直有使用"" 或 ""曾經使用過"" 者
請問您使用防曬商品多久時間了?","(呈上題) 針對選到 ""一直有使用"" 或 ""曾經使用過"" 者
請問您使用防曬商品的頻率?",請問您最常使用哪些防曬商品?,請問您使用過哪些ANESSA 安耐曬商品?,購買意願 [1.	未來我有意願購買ANESSA 安耐曬商品。],購買意願 [2.	我會考慮購買ANESSA 安耐曬商品是。],購買意願 [3.	我願意向他人推薦購買ANESSA 安耐曬商品],品質價值 [1.	ANESSA 安耐曬商品具有一致的品質。],品質價值 [2.	ANESSA 安耐曬商品製作過程良好。],品質價值 [3.	ANESSA 安耐曬商品品質達到可接受的標準。],品質價值 [4.	ANESSA 安耐曬商品品質良好。],品質價值 [5.	ANESSA 安耐曬商品持久耐用。],品質價值 [6.	ANESSA 安耐曬商品產品品質穩定],情緒價值 [1.	ANESSA 安耐曬商品讓我感到享受的產品。],情緒價值 [2.	ANESSA 安耐曬商品會讓我產生想要使用的感覺。],情緒價值 [3.	使用ANESSA 安耐曬商品會讓我感到放鬆。],情緒價值 [4.	ANESSA 安耐曬商品會讓我感覺良好。],情緒價值 [5.	ANESSA 安耐曬商品會帶給我愉悅的感受。],價格價值 [1.	ANESSA 安耐曬商品的價格是合理的。],價格價值 [2.	ANESSA 安耐曬商品具有物有所值的特性。],價格價值 [3.	以這個價格來說，ANESSA 安耐曬商品是不錯的產品。],價格價值 [4.	ANESSA 安耐曬商品具有CP值。],社會價值 [1.	ANESSA 安耐曬商品有助於讓我感到被他人接納。],社會價值 [2.	ANESSA 安耐曬商品能改善他人對我的看法。],社會價值 [3.	ANESSA 安耐曬商品能使我在人際互動中留下良好印象。],社會價值 [4.	擁有ANESSA 安耐曬商品能讓人獲得社會上的認可。],網路口碑 [1.	對我而言，消費者網路上對ANESSA 安耐曬商品評論非常重要。],網路口碑 [2.	我會特別搜尋網路上ANESSA 安耐曬商品 的相關資訊。],網路口碑 [3.	網路上對ANESSA 安耐曬商品評論會對我的購買決策有關鍵性的影響。],網路口碑 [4.	網路上對ANESSA 安耐曬商品評論，有助於我更準確地判斷產品的品質。],網路口碑 [5.	網路上對ANESSA 安耐曬商品評論，在我的決策過程中扮演重要角色。],整體而言，您是否會購買ANESSA 安耐曬金鑽高效防曬露  ？ ,"(呈上題) 針對選到 ""會購買"" 者
請問您願意花費多少錢購買此產品?"
2025/5/13 上午 11:34:27,男,18-25歲,碩士,學生,北部（台北、新北、基隆、桃園、新竹、苗栗）,"$30,000元(含)以下","$20,000元(含)以下",曾經使用過,3個月以下,七個月以上一次,防曬乳液 (Sunscreen Lotion),水嫩寶貝敏感肌防曬凝膠,非常不同意,不同意,不同意,普通,普通,普通,普通,普通,普通,不同意,不同意,不同意,普通,普通,同意,普通,同意,同意,不同意,不同意,不同意,不同意,同意,不同意,非常同意,同意,同意,不會,300元-500元
2025/5/13 上午 11:39:39,男,18-25歲,碩士,學生,北部（台北、新北、基隆、桃園、新竹、苗栗）,"$30,000元(含)以下","$20,000元(含)以下",一直使用,6年以上,五到七天一次,"防曬霜 (Sunscreen Cream), 防曬噴霧 (Sunscreen Spray)",金鑽高效防曬露NA（5X版）,非常不同意,非常不同意,非常不同意,非常不同意,非常不同意,非常不同意,非常不同意,非常不同意,非常不同意,非常不同意,非常不同意,非常不同意,非常不同意,非常不同意,非常不同意,非常不同意,非常不同意,非常不同意,非常不同意,非常不同意,非常不同意,非常不同意,非常不同意,非常不同意,非常不同意,非常不同意,非常不同意,不會,300元-500元
2025/5/13 上午 11:41:47,男,18-25歲,碩士,學生,北部（台北、新北、基隆、桃園、新竹、苗栗）,"$30,000元(含)以下","$40,001-60,000元",曾經使用過,3個月以下,七個月以上一次,防曬乳液 (Sunscreen Lotion),水嫩寶貝敏感肌防曬凝膠,普通,普通,普通,普通,普通,普通,普通,普通,普通,普通,普通,普通,普通,普通,普通,普通,普通,普通,普通,普通,普通,普通,普通,普通,普通,普通,普通,不會,小於300
2025/5/13 上午 11:41:55,男,18-25歲,碩士,學生,北部（台北、新北、基隆、桃園、新竹、苗栗）,"$30,000元(含)以下","$20,000元(含)以下",曾經使用過,3個月以下,七個月以上一次,防曬凝膠 (Sunscreen Gel),輕親柔光敏感肌防曬露NA,普通,普通,普通,普通,普通,普通,普通,普通,普通,同意,普通,同意,普通,普通,不同意,不同意,不同意,不同意,非常不同意,非常不同意,非常不同意,非常不同意,非常不同意,非常不同意,非常不同意,非常不同意,非常不同意,不會,701元-900元
2025/5/13 上午 11:42:27,女,41-45歲,大學/大專,專業人員(醫生、律師、工程師等),北部（台北、新北、基隆、桃園、新竹、苗栗）,"$70,001-90,000元","$40,001-60,000元",沒有使用過,3個月以下,七個月以上一次,防曬乳液 (Sunscreen Lotion),金鑽高效防曬露NA（5X版）,非常不同意,非常不同意,非常不同意,非常不同意,非常不同意,非常不同意,非常不同意,非常不同意,非常不同意,非常不同意,非常不同意,非常不同意,非常不同意,非常不同意,非常不同意,非常不同意,非常不同意,非常不同意,非常不同意,非常不同意,非常不同意,非常不同意,非常不同意,非常不同意,非常不同意,非常不同意,非常不同意,不會,小於300
2025/5/13 上午 11:44:14,女,18-25歲,大學/大專,學生,北部（台北、新北、基隆、桃園、新竹、苗栗）,"$30,000元(含)以下","$20,000元(含)以下",一直使用,5-6年,兩到三天一次,"防曬霜 (Sunscreen Cream), 防曬噴霧 (Sunscreen Spray)",輕親柔光敏感肌防曬露NA,非常不同意,非常不同意,非常不同意,非常不同意,同意,同意,同意,同意,同意,普通,普通,同意,普通,普通,不同意,不同意,不同意,不同意,非常不同意,不同意,非常不同意,非常不同意,同意,同意,同意,非常同意,非常同意,不會,300元-500元
2025/5/13 上午 11:44:39,女,26-30歲,大學/大專,學生,北部（台北、新北、基隆、桃園、新竹、苗栗）,"$30,001-50,000元","$20,000元(含)以下",一直使用,6年以上,每天,"防曬乳液 (Sunscreen Lotion), 防曬噴霧 (Sunscreen Spray), 防曬粉 (Sunscreen Powder)",金鑽高效防曬露NA（5X版）,非常同意,非常同意,非常同意,非常同意,非常同意,非常同意,非常同意,非常同意,非常同意,非常同意,非常同意,非常同意,非常同意,非常同意,非常同意,非常同意,非常同意,普通,非常同意,非常同意,非常同意,非常同意,非常同意,非常同意,非常同意,非常同意,非常同意,會,701元-900元
2025/5/13 上午 11:46:15,男,18-25歲,大學/大專,學生,北部（台北、新北、基隆、桃園、新竹、苗栗）,"$30,000元(含)以下","$20,000元(含)以下",曾經使用過,3個月以下,七個月以上一次,防曬乳液 (Sunscreen Lotion),曬後淨白修復精華（夜用）,非常不同意,非常不同意,非常不同意,非常不同意,非常不同意,非常不同意,非常不同意,非常不同意,非常不同意,非常不同意,非常不同意,非常不同意,非常不同意,非常不同意,非常不同意,非常不同意,非常不同意,非常不同意,非常不同意,非常不同意,非常不同意,非常不同意,非常不同意,非常不同意,非常不同意,非常不同意,非常不同意,不會,小於300
2025/5/13 上午 11:48:51,女,18-25歲,碩士,學生,北部（台北、新北、基隆、桃園、新竹、苗栗）,"$30,000元(含)以下","$20,000元(含)以下",一直使用,6年以上,兩到三天一次,"防曬乳液 (Sunscreen Lotion), 防曬噴霧 (Sunscreen Spray)",金鑽高效防曬露NA（5X版）,非常同意,非常同意,非常同意,非常同意,非常同意,非常同意,非常同意,普通,同意,同意,非常同意,普通,非常同意,非常同意,不同意,普通,普通,普通,同意,同意,同意,同意,非常同意,非常同意,非常同意,非常同意,非常同意,會,501元-700元
2025/5/13 上午 11:50:01,女,41-45歲,大學/大專,服務業,南部（嘉義、台南、高雄、屏東）,"$90,001-110,000元","$40,001-60,000元",一直使用,6年以上,每天,"防曬乳液 (Sunscreen Lotion), 防曬霜 (Sunscreen Cream), 防曬噴霧 (Sunscreen Spray)",金鑽高效防曬露NA（5X版）,同意,同意,普通,普通,同意,同意,同意,普通,同意,同意,同意,普通,同意,普通,同意,同意,同意,同意,同意,普通,普通,普通,同意,同意,同意,同意,同意,會,501元-700元
2025/5/13 上午 11:51:31,女,18-25歲,大學/大專,學生,北部（台北、新北、基隆、桃園、新竹、苗栗）,"$30,000元(含)以下","$20,000元(含)以下",曾經使用過,6年以上,七個月以上一次,"防曬乳液 (Sunscreen Lotion), 防曬噴霧 (Sunscreen Spray)",輕親柔光敏感肌防曬露NA,非常同意,同意,普通,同意,同意,同意,同意,同意,同意,同意,同意,普通,同意,同意,同意,普通,同意,同意,同意,普通,同意,同意,同意,同意,同意,同意,同意,不會,
2025/5/13 上午 11:52:06,女,18-25歲,大學/大專,學生,北部（台北、新北、基隆、桃園、新竹、苗栗）,"$30,000元(含)以下","$20,000元(含)以下",曾經使用過,3個月以下,四到六個月一次,防曬噴霧 (Sunscreen Spray),金鑽高效水感防曬凝膠NA,同意,同意,普通,同意,同意,同意,同意,同意,同意,普通,同意,普通,同意,普通,同意,同意,同意,同意,不同意,不同意,普通,不同意,同意,同意,非常同意,非常同意,同意,會,501元-700元
2025/5/13 上午 11:52:37,男,18-25歲,大學/大專,學生,北部（台北、新北、基隆、桃園、新竹、苗栗）,"$30,000元(含)以下","$20,000元(含)以下",一直使用,1-2 年,四到五天一次,防曬乳液 (Sunscreen Lotion),金鑽高效防曬露NA（5X版）,普通,普通,普通,同意,同意,同意,同意,同意,同意,同意,同意,同意,同意,同意,同意,同意,同意,同意,普通,同意,同意,普通,同意,普通,同意,同意,同意,會,300元-500元
2025/5/13 上午 11:55:42,女,36-40歲,碩士,專業人員(醫生、律師、工程師等),北部（台北、新北、基隆、桃園、新竹、苗栗）,"$50,001-70,000元","$20,000元(含)以下",沒有使用過,3個月以下,四到六個月一次,防曬噴霧 (Sunscreen Spray),金鑽高效防曬露NA（5X版）,不同意,不同意,不同意,同意,同意,同意,同意,同意,同意,普通,普通,普通,普通,普通,普通,普通,普通,普通,普通,普通,普通,普通,同意,同意,同意,同意,同意,不會,701元-900元
2025/5/20 上午 10:17:08,女,18-25歲,大學/大專,學生,北部（台北、新北、基隆、桃園、新竹、苗栗）,"$30,000元(含)以下","$20,000元(含)以下",一直有使用,6-12個月,四到五天一次,"防曬乳液 (Sunscreen Lotion), 防曬棒 (Sunscreen Stick)",金鑽高效防曬露NA（5X版）,同意,同意,普通,同意,同意,同意,同意,普通,普通,普通,同意,普通,普通,不同意,普通,普通,普通,不同意,不同意,非常不同意,非常不同意,非常不同意,同意,同意,非常同意,非常同意,非常同意,不會,
2025/5/20 下午 12:34:05,女,18-25歲,大學/大專,學生,北部（台北、新北、基隆、桃園、新竹、苗栗）,"$30,000元(含)以下","$20,000元(含)以下",一直有使用,6年以上,兩到三週一次,防曬乳液 (Sunscreen Lotion),"金鑽高效防曬露NA（5X版）, 輕親柔光敏感肌防曬露NA, 美光燈潤色防曬凝膠N",非常同意,非常同意,同意,同意,同意,非常同意,非常同意,非常同意,同意,非常同意,非常同意,普通,同意,普通,普通,同意,同意,同意,普通,普通,普通,不同意,普通,同意,普通,同意,不同意,不會,300元-500元
2025/5/20 下午 12:38:29,女,18-25歲,大學/大專,學生,中部（台中、彰化、南投、雲林）,"$30,000元(含)以下","$20,000元(含)以下",一直有使用,1-2 年,每天,防曬霜 (Sunscreen Cream),都沒有用過,同意,同意,同意,同意,同意,非常同意,非常同意,非常同意,非常同意,同意,同意,普通,普通,普通,普通,普通,同意,普通,普通,同意,不同意,不同意,非常同意,非常同意,非常同意,非常同意,非常同意,會,300元-500元
2025/5/20 下午 3:30:05,女,18-25歲,高中(職),學生,南部（嘉義、台南、高雄、屏東）,"$30,000元(含)以下","$20,000元(含)以下",一直有使用,2-3年,每天,防曬乳液 (Sunscreen Lotion),金鑽高效水感防曬凝膠NA,同意,同意,同意,同意,非常同意,同意,非常同意,非常同意,非常同意,普通,同意,同意,普通,同意,普通,普通,同意,普通,普通,不同意,普通,同意,非常同意,非常同意,非常同意,非常同意,非常同意,會,小於300
2025/5/20 下午 9:32:26,女,18-25歲,碩士,學生,北部（台北、新北、基隆、桃園、新竹、苗栗）,"$30,000元(含)以下","$20,000元(含)以下",一直有使用,6年以上,每天,防曬乳液 (Sunscreen Lotion),金鑽高效防曬露NA（5X版）,同意,普通,普通,同意,同意,同意,同意,同意,同意,同意,同意,普通,同意,同意,同意,普通,同意,普通,普通,普通,普通,同意,同意,同意,同意,同意,同意,會,701元-900元
2025/5/21 上午 11:00:14,女,18-25歲,大學/大專,學生,北部（台北、新北、基隆、桃園、新竹、苗栗）,"$30,000元(含)以下","$20,000元(含)以下",一直有使用,6年以上,每天,"防曬乳液 (Sunscreen Lotion), 防曬棒 (Sunscreen Stick)",金鑽高效防曬露NA（5X版）,普通,同意,普通,同意,同意,同意,同意,同意,同意,普通,普通,普通,普通,普通,非常同意,普通,非常同意,同意,不同意,不同意,不同意,不同意,非常同意,不同意,非常同意,非常同意,非常同意,會,300元-500元
2025/5/22 上午 9:32:02,男,18-25歲,大學/大專,學生,北部（台北、新北、基隆、桃園、新竹、苗栗）,"$30,000元(含)以下","$20,000元(含)以下",一直有使用,3個月以下,每天,防曬乳液 (Sunscreen Lotion),金鑽高效防曬露NA（5X版）,同意,同意,普通,同意,同意,同意,同意,同意,同意,同意,同意,普通,同意,普通,同意,普通,同意,普通,同意,不同意,同意,同意,同意,同意,同意,同意,同意,不會,300元-500元
2025/5/22 下午 2:17:32,女,18-25歲,大學/大專,學生,北部（台北、新北、基隆、桃園、新竹、苗栗）,"$30,000元(含)以下","$20,000元(含)以下",一直有使用,6年以上,四到五天一次,"防曬乳液 (Sunscreen Lotion), 防曬霜 (Sunscreen Cream)",金鑽高效防曬露NA（5X版）,普通,普通,普通,普通,普通,普通,普通,普通,普通,不同意,普通,普通,不同意,不同意,普通,普通,普通,不同意,非常不同意,非常不同意,非常不同意,非常不同意,同意,同意,同意,同意,同意,會,501元-700元
2025/5/22 下午 3:48:55,女,18-25歲,大學/大專,學生,北部（台北、新北、基隆、桃園、新竹、苗栗）,"$30,000元(含)以下","$20,000元(含)以下",一直有使用,5-6年,每天,防曬乳液 (Sunscreen Lotion),"金鑽高效防曬露NA（5X版）, 金鑽高效水感防曬凝膠NA, 輕親柔光敏感肌防曬露NA",非常同意,非常同意,非常同意,非常同意,非常同意,非常同意,非常同意,非常同意,非常同意,非常同意,非常同意,普通,同意,非常同意,同意,非常同意,非常同意,非常同意,普通,普通,普通,普通,非常同意,非常同意,非常同意,非常同意,非常同意,會,300元-500元
2025/5/22 下午 7:54:03,女,18-25歲,大學/大專,學生,北部（台北、新北、基隆、桃園、新竹、苗栗）,"$30,000元(含)以下","$20,000元(含)以下",一直有使用,3-4年,每天,防曬乳液 (Sunscreen Lotion),金鑽高效防曬露NA（5X版）,非常同意,非常同意,非常同意,非常同意,非常同意,非常同意,非常同意,同意,非常同意,非常同意,非常同意,同意,非常同意,同意,非常同意,非常同意,非常同意,非常同意,非常同意,普通,普通,普通,非常同意,非常同意,非常同意,非常同意,非常同意,會,501元-700元
2025/5/23 上午 8:52:52,女,36-40歲,大學/大專,自由業,北部（台北、新北、基隆、桃園、新竹、苗栗）,"$30,000元(含)以下","$20,000元(含)以下",沒有使用過，未來也不會使用,,,沒有使用防曬產品,都沒有用過,普通,普通,普通,普通,普通,普通,普通,普通,普通,普通,普通,普通,普通,普通,普通,普通,普通,普通,普通,普通,普通,普通,普通,普通,普通,普通,普通,會,小於300
2025/5/23 上午 9:22:39,女,18-25歲,大學/大專,學生,北部（台北、新北、基隆、桃園、新竹、苗栗）,"$30,000元(含)以下","$20,000元(含)以下",一直有使用,6年以上,每天,防曬乳液 (Sunscreen Lotion),金鑽高效水感防曬凝膠NA,同意,同意,非常同意,非常同意,同意,非常同意,非常同意,非常同意,非常同意,普通,同意,普通,同意,普通,普通,同意,非常同意,非常同意,普通,普通,普通,普通,非常同意,非常同意,非常同意,非常同意,非常同意,會,300元-500元
2025/5/23 上午 9:26:08,女,36-40歲,四技五專,專業人員(醫生、律師、工程師等),北部（台北、新北、基隆、桃園、新竹、苗栗）,"$30,001-50,000元","$20,001-40,000元",一直有使用,6年以上,每天,"防曬乳液 (Sunscreen Lotion), 防曬凝膠 (Sunscreen Gel), 防曬粉 (Sunscreen Powder)",都沒有用過,同意,同意,同意,同意,同意,同意,同意,同意,同意,同意,同意,同意,同意,同意,同意,同意,同意,同意,同意,普通,普通,同意,同意,同意,同意,同意,同意,會,501元-700元
2025/5/23 上午 9:53:37,男,36-40歲,大學/大專,服務業,北部（台北、新北、基隆、桃園、新竹、苗栗）,"$30,001-50,000元","$20,000元(含)以下",曾經使用過,3個月以下,七個月以上一次,防曬乳液 (Sunscreen Lotion),都沒有用過,普通,普通,普通,普通,普通,普通,普通,普通,普通,普通,普通,普通,普通,普通,同意,普通,普通,普通,普通,普通,普通,同意,普通,普通,普通,普通,普通,不會,小於300
2025/5/23 上午 9:55:08,女,31-35歲,大學/大專,服務業,北部（台北、新北、基隆、桃園、新竹、苗栗）,"$30,001-50,000元","$20,000元(含)以下",曾經使用過,3個月以下,兩到三個月一次,防曬乳液 (Sunscreen Lotion),都沒有用過,普通,普通,普通,同意,同意,同意,同意,同意,同意,同意,同意,同意,同意,同意,同意,同意,同意,同意,同意,同意,同意,同意,同意,同意,同意,同意,同意,會,901元-1200元
2025/5/23 上午 10:02:01,女,26-30歲,四技五專,專業人員(醫生、律師、工程師等),北部（台北、新北、基隆、桃園、新竹、苗栗）,"$30,001-50,000元","$20,000元(含)以下",曾經使用過,3個月以下,一個月一次,防曬乳液 (Sunscreen Lotion),金鑽高效水感防曬凝膠NA,同意,同意,同意,同意,同意,同意,同意,同意,同意,同意,同意,同意,同意,同意,同意,同意,普通,同意,同意,同意,同意,同意,同意,普通,普通,普通,普通,會,300元-500元
2025/5/23 上午 10:26:31,女,46-50歲,大學/大專,專業人員(醫生、律師、工程師等),北部（台北、新北、基隆、桃園、新竹、苗栗）,"$30,001-50,000元","$20,001-40,000元",一直有使用,6年以上,每天,"防曬乳液 (Sunscreen Lotion), 防曬霜 (Sunscreen Cream), 防曬噴霧 (Sunscreen Spray)","金鑽高效防曬露NA（5X版）, 金鑽高效水感防曬凝膠NA, 輕親柔光敏感肌防曬露NA",同意,同意,同意,同意,同意,同意,同意,同意,同意,同意,同意,同意,同意,同意,同意,同意,同意,同意,同意,同意,同意,同意,同意,同意,同意,同意,同意,會,701元-900元
2025/5/23 上午 10:57:05,女,36-40歲,碩士,專業人員(醫生、律師、工程師等),北部（台北、新北、基隆、桃園、新竹、苗栗）,"$50,001-70,000元","$120,000元以上",沒有使用過，未來也不會使用,,,沒有使用防曬產品,都沒有用過,非常不同意,非常不同意,非常不同意,普通,普通,普通,普通,普通,普通,普通,普通,普通,普通,普通,普通,普通,普通,普通,普通,普通,普通,普通,同意,普通,同意,同意,同意,不會,
2025/5/23 上午 11:02:45,女,36-40歲,四技五專,服務業,北部（台北、新北、基隆、桃園、新竹、苗栗）,"$30,001-50,000元","$20,001-40,000元",沒有使用過，但未來想要使用(不排斥),,,沒有使用防曬產品,都沒有用過,普通,普通,普通,普通,普通,普通,普通,普通,普通,普通,普通,普通,普通,普通,普通,普通,普通,普通,普通,普通,同意,同意,同意,普通,同意,同意,同意,不會,701元-900元
2025/5/23 上午 11:25:12,男,36-40歲,大學/大專,營造業,北部（台北、新北、基隆、桃園、新竹、苗栗）,"$90,001-110,000元","$60,001-80,000元",沒有使用過，但未來想要使用(不排斥),,,沒有使用防曬產品,都沒有用過,普通,普通,普通,同意,同意,同意,同意,同意,同意,同意,同意,同意,同意,同意,同意,同意,同意,同意,同意,普通,普通,普通,同意,同意,同意,同意,普通,會,701元-900元
2025/5/23 下午 1:04:47,女,31-35歲,大學/大專,專業人員(醫生、律師、工程師等),南部（嘉義、台南、高雄、屏東）,"$30,001-50,000元","$20,001-40,000元",一直有使用,6年以上,兩到三天一次,"防曬乳液 (Sunscreen Lotion), 防曬噴霧 (Sunscreen Spray)","金鑽高效防曬露NA（5X版）, 輕親柔光敏感肌防曬露NA",非常同意,非常同意,非常同意,非常同意,非常同意,非常同意,非常同意,非常同意,非常同意,非常同意,非常同意,非常同意,非常同意,非常同意,非常同意,非常同意,非常同意,非常同意,普通,普通,普通,不同意,非常同意,同意,非常同意,非常同意,非常同意,會,901元-1200元
2025/5/23 下午 2:36:28,女,41-45歲,大學/大專,服務業,北部（台北、新北、基隆、桃園、新竹、苗栗）,"$50,001-70,000元","$20,001-40,000元",一直有使用,6年以上,每天,防曬乳液 (Sunscreen Lotion),都沒有用過,同意,同意,同意,同意,同意,同意,同意,同意,同意,同意,同意,同意,同意,同意,同意,同意,同意,同意,非常同意,非常同意,非常同意,非常同意,同意,同意,同意,同意,同意,會,300元-500元
2025/5/23 下午 2:37:50,女,41-45歲,大學/大專,服務業,北部（台北、新北、基隆、桃園、新竹、苗栗）,"$70,001-90,000元","$20,001-40,000元",一直有使用,6年以上,每天,"防曬乳液 (Sunscreen Lotion), 防曬霜 (Sunscreen Cream), 防曬棒 (Sunscreen Stick)","金鑽高效水感防曬凝膠NA, 輕親柔光敏感肌防曬露NA",同意,同意,普通,同意,非常同意,同意,普通,普通,普通,同意,同意,普通,普通,普通,不同意,普通,普通,普通,普通,普通,普通,普通,同意,同意,同意,同意,同意,會,小於300
2025/5/23 下午 3:12:06,男,61-65歲,大學/大專,服務業,北部（台北、新北、基隆、桃園、新竹、苗栗）,"$90,001-110,000元","$80,001-100,000元",曾經使用過,2-3年,七個月以上一次,防曬乳液 (Sunscreen Lotion),都沒有用過,普通,普通,普通,普通,普通,普通,普通,普通,普通,普通,普通,普通,普通,普通,普通,普通,普通,普通,普通,普通,普通,普通,普通,普通,普通,普通,普通,會,300元-500元
2025/5/23 下午 3:29:12,女,36-40歲,大學/大專,專業人員(醫生、律師、工程師等),北部（台北、新北、基隆、桃園、新竹、苗栗）,"$30,001-50,000元","$20,000元(含)以下",曾經使用過,3個月以下,一週一次,"防曬乳液 (Sunscreen Lotion), 防曬噴霧 (Sunscreen Spray)",都沒有用過,普通,普通,普通,普通,普通,普通,普通,普通,普通,普通,普通,普通,普通,普通,普通,普通,普通,普通,普通,普通,普通,普通,普通,普通,普通,普通,普通,不會,
2025/5/23 下午 5:56:16,女,51-55歲,大學/大專,家庭主婦,東部（宜蘭、花蓮、台東）,"$30,000元(含)以下","$100,001-120,000元",一直有使用,6年以上,每天,"防曬乳液 (Sunscreen Lotion), 防曬霜 (Sunscreen Cream), 防曬噴霧 (Sunscreen Spray)",都沒有用過,普通,普通,普通,普通,普通,普通,普通,普通,普通,普通,普通,普通,普通,普通,普通,普通,普通,普通,普通,普通,普通,普通,普通,普通,普通,普通,普通,會,300元-500元
2025/5/23 下午 6:04:34,女,26-30歲,大學/大專,專業人員(醫生、律師、工程師等),北部（台北、新北、基隆、桃園、新竹、苗栗）,"$150,000元以上","$20,001-40,000元",一直有使用,3-6個月,兩到三天一次,防曬乳液 (Sunscreen Lotion),金鑽高效水感防曬凝膠NA,同意,同意,同意,普通,普通,普通,普通,普通,普通,普通,同意,普通,普通,普通,普通,普通,普通,普通,普通,普通,普通,普通,普通,普通,同意,普通,普通,會,901元-1200元
2025/5/24 上午 9:58:32,女,31-35歲,大學/大專,專業人員(醫生、律師、工程師等),北部（台北、新北、基隆、桃園、新竹、苗栗）,"$50,001-70,000元","$20,001-40,000元",一直有使用,3-4年,兩到三天一次,"防曬乳液 (Sunscreen Lotion), 防曬噴霧 (Sunscreen Spray)",金鑽高效防曬露NA（5X版）,普通,普通,普通,普通,普通,普通,普通,普通,普通,普通,普通,普通,普通,普通,普通,普通,普通,普通,普通,普通,普通,普通,普通,普通,普通,普通,普通,會,300元-500元
2025/5/24 下午 10:10:44,女,36-40歲,大學/大專,服務業,北部（台北、新北、基隆、桃園、新竹、苗栗）,"$50,001-70,000元","$20,000元(含)以下",一直有使用,6年以上,每天,防曬乳液 (Sunscreen Lotion),都沒有用過,非常不同意,非常不同意,非常不同意,普通,普通,普通,不同意,不同意,不同意,普通,普通,非常不同意,非常不同意,非常不同意,同意,不同意,普通,普通,普通,普通,普通,不同意,同意,不同意,非常同意,同意,同意,不會,小於300
2025/5/26 下午 1:48:12,女,18-25歲,大學/大專,學生,北部（台北、新北、基隆、桃園、新竹、苗栗）,"$30,000元(含)以下","$20,001-40,000元",曾經使用過,6-12個月,兩到三週一次,防曬乳液 (Sunscreen Lotion),金鑽高效防曬露NA（5X版）,同意,同意,同意,同意,普通,同意,同意,普通,同意,普通,同意,普通,普通,普通,普通,同意,同意,普通,普通,普通,普通,普通,普通,不同意,普通,同意,普通,會,701元-900元
2025/5/27 上午 9:13:59,男,18-25歲,大學/大專,學生,北部（台北、新北、基隆、桃園、新竹、苗栗）,"$30,000元(含)以下","$20,000元(含)以下",沒有使用過，但未來想要使用(不排斥),,,沒有使用防曬產品,都沒有用過,普通,普通,普通,同意,同意,非常同意,同意,非常同意,同意,同意,非常同意,同意,同意,非常同意,普通,同意,同意,同意,不同意,普通,普通,不同意,同意,非常同意,非常同意,非常同意,非常同意,不會,
2025/5/27 上午 9:35:33,女,46-50歲,大學/大專,服務業,北部（台北、新北、基隆、桃園、新竹、苗栗）,"$50,001-70,000元","$40,001-60,000元",一直有使用,5-6年,每天,"防曬乳液 (Sunscreen Lotion), 防曬噴霧 (Sunscreen Spray)",金鑽高效防曬露NA（5X版）,同意,同意,同意,同意,同意,同意,同意,同意,同意,同意,同意,普通,同意,普通,普通,普通,同意,普通,普通,普通,普通,普通,同意,同意,同意,同意,同意,會,501元-700元
2025/5/27 上午 10:03:16,男,18-25歲,大學/大專,學生,北部（台北、新北、基隆、桃園、新竹、苗栗）,"$30,000元(含)以下","$20,000元(含)以下",曾經使用過,3個月以下,七個月以上一次,沒有使用防曬產品,金鑽高效防曬露NA（5X版）,同意,普通,普通,普通,普通,普通,普通,普通,普通,同意,同意,同意,同意,同意,同意,同意,同意,同意,同意,同意,同意,同意,普通,普通,同意,普通,普通,會,501元-700元
2025/5/27 上午 10:06:40,女,46-50歲,大學/大專,服務業,北部（台北、新北、基隆、桃園、新竹、苗栗）,"$50,001-70,000元","$20,001-40,000元",沒有使用過，但未來想要使用(不排斥),,,沒有使用防曬產品,都沒有用過,普通,普通,普通,同意,普通,同意,普通,普通,普通,同意,同意,普通,同意,普通,同意,同意,同意,同意,普通,普通,普通,普通,同意,同意,同意,同意,同意,會,300元-500元
2025/5/27 上午 10:09:34,女,36-40歲,大學/大專,人力仲介代徵,北部（台北、新北、基隆、桃園、新竹、苗栗）,"$30,001-50,000元","$20,001-40,000元",曾經使用過,3個月以下,七個月以上一次,防曬乳液 (Sunscreen Lotion),金鑽高效防曬露NA（5X版）,普通,普通,普通,普通,普通,普通,普通,普通,普通,普通,普通,普通,普通,普通,普通,普通,普通,普通,普通,普通,普通,普通,普通,普通,普通,普通,普通,不會,
2025/5/27 上午 10:22:13,女,46-50歲,大學/大專,服務業,北部（台北、新北、基隆、桃園、新竹、苗栗）,"$30,001-50,000元","$20,001-40,000元",一直有使用,6年以上,每天,"防曬乳液 (Sunscreen Lotion), 防曬霜 (Sunscreen Cream)",金鑽高效防曬露NA（5X版）,同意,同意,普通,同意,同意,同意,非常同意,非常同意,非常同意,同意,同意,同意,非常同意,同意,普通,非常同意,非常同意,普通,同意,普通,普通,普通,同意,普通,非常同意,非常同意,非常同意,會,701元-900元
2025/5/27 上午 11:12:49,女,46-50歲,大學/大專,通訊業,北部（台北、新北、基隆、桃園、新竹、苗栗）,"$30,001-50,000元","$20,000元(含)以下",一直有使用,6年以上,每天,"防曬乳液 (Sunscreen Lotion), 防曬霜 (Sunscreen Cream)",金鑽高效防曬露NA（5X版）,非常同意,非常同意,同意,同意,同意,同意,同意,同意,同意,同意,同意,普通,普通,普通,同意,同意,非常同意,非常同意,普通,普通,普通,普通,同意,同意,同意,同意,同意,會,300元-500元
2025/5/27 上午 11:20:57,女,46-50歲,四技五專,軍公教人員(軍人、公務人員、教師),南部（嘉義、台南、高雄、屏東）,"$30,001-50,000元","$20,000元(含)以下",一直有使用,6年以上,每天,"防曬霜 (Sunscreen Cream), 防曬噴霧 (Sunscreen Spray)",都沒有用過,同意,同意,普通,同意,同意,同意,同意,同意,同意,普通,普通,普通,普通,普通,普通,普通,普通,普通,普通,普通,普通,普通,非常同意,非常同意,非常同意,非常同意,非常同意,會,300元-500元
2025/5/27 上午 11:42:24,男,41-45歲,大學/大專,資訊科技業,北部（台北、新北、基隆、桃園、新竹、苗栗）,"$30,001-50,000元","$20,001-40,000元",一直有使用,1-2 年,兩到三天一次,防曬乳液 (Sunscreen Lotion),都沒有用過,同意,同意,普通,同意,同意,同意,同意,普通,同意,普通,同意,普通,同意,普通,普通,普通,同意,普通,普通,普通,普通,普通,非常同意,非常同意,非常同意,非常同意,同意,會,300元-500元
2025/5/27 下午 12:04:41,女,36-40歲,大學/大專,製造業,北部（台北、新北、基隆、桃園、新竹、苗栗）,"$30,000元(含)以下","$20,000元(含)以下",曾經使用過,6年以上,兩到三週一次,防曬乳液 (Sunscreen Lotion),都沒有用過,普通,普通,普通,普通,普通,普通,普通,普通,普通,普通,普通,普通,普通,普通,普通,普通,普通,普通,普通,普通,普通,普通,普通,普通,普通,普通,普通,會,300元-500元
2025/5/27 下午 12:21:14,女,51-55歲,高中(職),服務業,北部（台北、新北、基隆、桃園、新竹、苗栗）,"$50,001-70,000元","$20,001-40,000元",一直有使用,6年以上,每天,防曬霜 (Sunscreen Cream),金鑽高效防曬露NA（5X版）,不同意,不同意,不同意,同意,同意,同意,同意,同意,同意,同意,普通,普通,普通,普通,不同意,不同意,普通,不同意,不同意,不同意,不同意,不同意,普通,不同意,同意,同意,同意,不會,300元-500元
2025/5/27 下午 12:32:08,女,36-40歲,碩士,專業人員(醫生、律師、工程師等),東部（宜蘭、花蓮、台東）,"$30,001-50,000元","$20,001-40,000元",曾經使用過,3-4年,兩到三個月一次,"防曬乳液 (Sunscreen Lotion), 防曬噴霧 (Sunscreen Spray)",都沒有用過,普通,普通,普通,普通,普通,普通,普通,普通,普通,不同意,普通,非常不同意,不同意,不同意,不同意,普通,不同意,不同意,普通,普通,普通,普通,同意,同意,同意,普通,普通,不會,300元-500元
2025/5/27 下午 12:53:29,女,36-40歲,大學/大專,電信,北部（台北、新北、基隆、桃園、新竹、苗栗）,"$30,001-50,000元","$20,000元(含)以下",曾經使用過,6年以上,四到六個月一次,防曬乳液 (Sunscreen Lotion),都沒有用過,同意,同意,普通,同意,同意,同意,同意,同意,同意,同意,同意,同意,同意,同意,同意,同意,同意,同意,同意,同意,同意,同意,同意,同意,同意,同意,同意,會,701元-900元
2025/5/27 下午 3:24:52,女,18-25歲,大學/大專,學生,北部（台北、新北、基隆、桃園、新竹、苗栗）,"$30,000元(含)以下","$20,000元(含)以下",一直有使用,6年以上,每天,"防曬乳液 (Sunscreen Lotion), 防曬霜 (Sunscreen Cream), 防曬噴霧 (Sunscreen Spray)","金鑽高效防曬露NA（5X版）, 金鑽高效水感防曬凝膠NA",非常同意,非常同意,非常同意,非常同意,非常同意,非常同意,非常同意,非常同意,非常同意,非常同意,非常同意,非常同意,非常同意,非常同意,非常同意,非常同意,非常同意,非常同意,非常同意,非常同意,非常同意,非常同意,同意,同意,同意,同意,同意,會,501元-700元
2025/5/27 下午 4:09:28,女,41-45歲,高中(職),零售業,北部（台北、新北、基隆、桃園、新竹、苗栗）,"$30,000元(含)以下","$20,000元(含)以下",一直有使用,6年以上,每天,防曬乳液 (Sunscreen Lotion),金鑽高效防曬露NA（5X版）,普通,普通,普通,同意,普通,同意,同意,同意,普通,普通,普通,普通,普通,普通,普通,普通,普通,普通,普通,普通,普通,普通,普通,普通,同意,同意,同意,會,701元-900元
2025/5/27 下午 5:02:24,男,18-25歲,大學/大專,學生,中部（台中、彰化、南投、雲林）,"$30,000元(含)以下","$20,000元(含)以下",曾經使用過,6年以上,七個月以上一次,防曬乳液 (Sunscreen Lotion),都沒有用過,普通,普通,普通,普通,普通,普通,普通,普通,普通,普通,普通,普通,普通,普通,普通,普通,普通,普通,普通,普通,普通,普通,非常同意,非常同意,非常同意,非常同意,非常同意,不會,小於300
2025/5/27 下午 6:17:44,男,18-25歲,大學/大專,學生,北部（台北、新北、基隆、桃園、新竹、苗栗）,"$30,001-50,000元","$20,000元(含)以下",曾經使用過,3-6個月,五到七天一次,沒有使用防曬產品,都沒有用過,普通,普通,普通,普通,普通,普通,普通,普通,普通,普通,普通,普通,普通,普通,普通,普通,普通,普通,普通,普通,普通,普通,普通,普通,普通,普通,普通,不會,小於300
2025/5/27 下午 6:20:40,男,18-25歲,大學/大專,學生,北部（台北、新北、基隆、桃園、新竹、苗栗）,"$30,000元(含)以下","$20,000元(含)以下",沒有使用過，但未來想要使用(不排斥),6-12個月,五到七天一次,防曬凝膠 (Sunscreen Gel),都沒有用過,不同意,不同意,普通,不同意,非常不同意,同意,普通,不同意,同意,普通,不同意,普通,同意,同意,不同意,普通,不同意,普通,普通,不同意,不同意,非常不同意,不同意,普通,普通,普通,不同意,不會,701元-900元
2025/5/27 下午 6:20:44,男,18-25歲,大學/大專,學生,北部（台北、新北、基隆、桃園、新竹、苗栗）,"$30,000元(含)以下","$20,000元(含)以下",曾經使用過,1-2 年,一個月一次,防曬乳液 (Sunscreen Lotion),都沒有用過,普通,普通,普通,普通,普通,普通,普通,普通,普通,普通,普通,普通,普通,普通,不同意,不同意,普通,普通,普通,普通,普通,普通,不同意,同意,普通,普通,普通,不會,
2025/5/27 下午 6:20:55,男,18-25歲,大學/大專,學生,北部（台北、新北、基隆、桃園、新竹、苗栗）,"$30,000元(含)以下","$20,000元(含)以下",曾經使用過,3-4年,一個月一次,防曬乳液 (Sunscreen Lotion),金鑽高效防曬露NA（5X版）,同意,同意,同意,非常同意,同意,非常同意,非常同意,非常同意,同意,同意,同意,同意,非常同意,非常同意,同意,同意,同意,同意,同意,同意,同意,普通,同意,同意,同意,同意,同意,會,501元-700元
2025/5/27 下午 6:22:57,女,18-25歲,大學/大專,學生,北部（台北、新北、基隆、桃園、新竹、苗栗）,"$30,000元(含)以下","$20,000元(含)以下",曾經使用過,6-12個月,一個月一次,"防曬乳液 (Sunscreen Lotion), 防曬噴霧 (Sunscreen Spray)",都沒有用過,普通,普通,普通,普通,普通,同意,普通,普通,普通,普通,不同意,普通,不同意,不同意,不同意,不同意,不同意,不同意,普通,不同意,不同意,不同意,同意,普通,普通,普通,普通,不會,小於300
2025/5/27 下午 6:29:35,女,18-25歲,大學/大專,學生,北部（台北、新北、基隆、桃園、新竹、苗栗）,"$30,000元(含)以下","$20,000元(含)以下",一直有使用,6年以上,一週一次,防曬乳液 (Sunscreen Lotion),都沒有用過,同意,同意,普通,同意,同意,同意,同意,同意,同意,同意,同意,普通,同意,同意,同意,同意,同意,同意,非常不同意,非常不同意,非常不同意,非常不同意,同意,非常同意,同意,同意,非常同意,不會,
2025/5/27 下午 6:32:23,男,18-25歲,大學/大專,學生,北部（台北、新北、基隆、桃園、新竹、苗栗）,"$30,000元(含)以下","$20,000元(含)以下",曾經使用過,1-2 年,兩到三個月一次,防曬乳液 (Sunscreen Lotion),都沒有用過,普通,同意,不同意,普通,普通,普通,普通,普通,普通,普通,同意,普通,普通,不同意,普通,同意,同意,同意,不同意,不同意,不同意,不同意,同意,不同意,不同意,同意,同意,會,501元-700元
2025/5/27 下午 6:37:01,男,18-25歲,大學/大專,學生,北部（台北、新北、基隆、桃園、新竹、苗栗）,"$30,000元(含)以下","$20,000元(含)以下",曾經使用過,6年以上,七個月以上一次,"防曬乳液 (Sunscreen Lotion), 防曬霜 (Sunscreen Cream), 防曬噴霧 (Sunscreen Spray)",都沒有用過,同意,同意,普通,同意,同意,同意,同意,同意,同意,同意,同意,同意,同意,同意,普通,同意,同意,普通,同意,普通,同意,普通,非常同意,非常同意,非常同意,非常同意,非常同意,會,小於300
2025/5/27 下午 6:42:51,女,18-25歲,大學/大專,專業人員(醫生、律師、工程師等),北部（台北、新北、基隆、桃園、新竹、苗栗）,"$30,001-50,000元","$20,001-40,000元",一直有使用,6年以上,四到五天一次,防曬乳液 (Sunscreen Lotion),都沒有用過,普通,普通,普通,普通,普通,普通,普通,普通,普通,普通,普通,普通,普通,普通,不同意,普通,普通,普通,不同意,不同意,不同意,不同意,同意,同意,同意,同意,同意,不會,小於300
2025/5/27 下午 6:45:58,女,51-55歲,四技五專,服務業,北部（台北、新北、基隆、桃園、新竹、苗栗）,"$50,001-70,000元","$40,001-60,000元",一直有使用,6年以上,每天,"防曬乳液 (Sunscreen Lotion), 防曬霜 (Sunscreen Cream), 防曬噴霧 (Sunscreen Spray)","金鑽高效防曬露NA（5X版）, 金鑽高效水感防曬凝膠NA, 曬後淨白修復精華（夜用）",同意,同意,同意,同意,同意,同意,同意,同意,同意,同意,同意,同意,同意,同意,同意,同意,同意,同意,同意,同意,同意,同意,同意,同意,同意,同意,同意,會,大於1300
2025/5/27 下午 6:55:48,女,18-25歲,大學/大專,專業人員(醫生、律師、工程師等),北部（台北、新北、基隆、桃園、新竹、苗栗）,"$30,001-50,000元","$20,001-40,000元",一直有使用,6年以上,四到五天一次,防曬乳液 (Sunscreen Lotion),都沒有用過,普通,同意,普通,普通,普通,普通,普通,普通,普通,普通,普通,普通,普通,普通,不同意,普通,普通,普通,普通,普通,普通,普通,同意,同意,同意,同意,同意,不會,小於300
2025/5/27 下午 7:01:38,女,18-25歲,高中(職),學生,南部（嘉義、台南、高雄、屏東）,"$30,000元(含)以下","$20,000元(含)以下",一直有使用,2-3年,兩到三天一次,"防曬乳液 (Sunscreen Lotion), 防曬噴霧 (Sunscreen Spray)",都沒有用過,同意,非常同意,同意,同意,同意,非常同意,非常同意,非常同意,非常同意,同意,非常同意,普通,普通,普通,普通,同意,同意,普通,普通,同意,同意,同意,非常同意,非常同意,非常同意,非常同意,非常同意,會,300元-500元
2025/5/27 下午 7:13:21,男,18-25歲,大學/大專,學生,北部（台北、新北、基隆、桃園、新竹、苗栗）,"$30,000元(含)以下","$20,000元(含)以下",一直有使用,3個月以下,兩到三天一次,防曬乳液 (Sunscreen Lotion),都沒有用過,普通,普通,普通,普通,普通,普通,普通,普通,普通,普通,普通,普通,普通,普通,普通,普通,普通,普通,普通,普通,普通,普通,同意,同意,同意,同意,同意,會,300元-500元
2025/5/27 下午 7:38:12,男,18-25歲,大學/大專,學生,北部（台北、新北、基隆、桃園、新竹、苗栗）,"$30,000元(含)以下","$20,000元(含)以下",曾經使用過,3個月以下,七個月以上一次,防曬噴霧 (Sunscreen Spray),都沒有用過,不同意,不同意,不同意,同意,同意,同意,同意,同意,同意,普通,普通,普通,普通,普通,不同意,普通,普通,普通,不同意,不同意,不同意,不同意,同意,同意,同意,同意,同意,不會,
2025/5/27 下午 8:01:13,女,18-25歲,大學/大專,學生,中部（台中、彰化、南投、雲林）,"$30,000元(含)以下","$20,000元(含)以下",一直有使用,1-2 年,每天,防曬霜 (Sunscreen Cream),都沒有用過,同意,同意,普通,同意,同意,非常同意,同意,同意,非常同意,普通,普通,不同意,普通,不同意,普通,同意,同意,普通,普通,普通,普通,普通,非常同意,非常同意,非常同意,非常同意,非常同意,會,300元-500元
2025/5/27 下午 10:39:37,女,18-25歲,大學/大專,學生,中部（台中、彰化、南投、雲林）,"$30,000元(含)以下","$20,000元(含)以下",曾經使用過,3-6個月,兩到三天一次,"防曬乳液 (Sunscreen Lotion), 防曬霜 (Sunscreen Cream)",都沒有用過,普通,普通,普通,同意,同意,同意,同意,同意,同意,普通,普通,普通,普通,普通,普通,普通,普通,普通,不同意,不同意,不同意,不同意,非常同意,非常同意,非常同意,非常同意,非常同意,不會,
2025/5/27 下午 10:51:50,女,18-25歲,大學/大專,學生,北部（台北、新北、基隆、桃園、新竹、苗栗）,"$30,000元(含)以下","$20,000元(含)以下",一直有使用,1-2 年,每天,防曬乳液 (Sunscreen Lotion),金鑽高效防曬露NA（5X版）,同意,同意,普通,同意,同意,同意,同意,同意,同意,同意,同意,同意,同意,同意,普通,同意,同意,同意,普通,普通,普通,普通,同意,同意,普通,同意,普通,會,501元-700元
2025/5/27 下午 10:56:34,女,36-40歲,大學/大專,服務業,北部（台北、新北、基隆、桃園、新竹、苗栗）,"$30,001-50,000元","$20,001-40,000元",曾經使用過,3個月以下,兩到三個月一次,防曬乳液 (Sunscreen Lotion),都沒有用過,非常同意,非常同意,非常同意,非常同意,非常同意,非常同意,非常同意,非常同意,非常同意,非常同意,非常同意,非常同意,非常同意,非常同意,非常同意,非常同意,非常同意,非常同意,非常同意,非常同意,非常同意,非常同意,非常同意,非常同意,非常同意,非常同意,非常同意,會,701元-900元
2025/5/27 下午 11:45:24,女,18-25歲,大學/大專,學生,北部（台北、新北、基隆、桃園、新竹、苗栗）,"$30,000元(含)以下","$20,000元(含)以下",一直有使用,5-6年,每天,防曬乳液 (Sunscreen Lotion),都沒有用過,不同意,不同意,不同意,普通,普通,普通,普通,普通,普通,普通,普通,普通,普通,普通,普通,普通,普通,普通,普通,不同意,普通,同意,普通,普通,非常不同意,不同意,普通,不會,小於300
2025/5/27 下午 11:53:31,女,18-25歲,大學/大專,學生,中部（台中、彰化、南投、雲林）,"$30,000元(含)以下","$20,000元(含)以下",一直有使用,6年以上,一週一次,"防曬乳液 (Sunscreen Lotion), 防曬噴霧 (Sunscreen Spray)",都沒有用過,同意,同意,同意,同意,同意,同意,同意,同意,同意,普通,同意,普通,同意,普通,普通,普通,同意,同意,普通,不同意,不同意,不同意,同意,同意,同意,同意,同意,不會,
2025/5/28 上午 12:33:01,男,18-25歲,大學/大專,學生,北部（台北、新北、基隆、桃園、新竹、苗栗）,"$30,000元(含)以下","$20,000元(含)以下",曾經使用過,3個月以下,四到六個月一次,防曬噴霧 (Sunscreen Spray),都沒有用過,同意,同意,同意,同意,同意,同意,同意,同意,同意,同意,同意,同意,同意,同意,同意,同意,同意,同意,同意,同意,同意,同意,同意,同意,同意,同意,同意,會,300元-500元
2025/5/28 上午 12:40:01,女,18-25歲,大學/大專,學生,北部（台北、新北、基隆、桃園、新竹、苗栗）,"$30,000元(含)以下","$20,000元(含)以下",一直有使用,6年以上,五到七天一次,"防曬乳液 (Sunscreen Lotion), 防曬霜 (Sunscreen Cream)",金鑽高效防曬露NA（5X版）,同意,同意,同意,非常同意,同意,非常同意,同意,同意,同意,同意,同意,普通,同意,同意,同意,同意,同意,同意,普通,不同意,不同意,不同意,非常同意,非常同意,非常同意,非常同意,非常同意,會,501元-700元
2025/5/28 上午 12:40:33,男,18-25歲,大學/大專,學生,北部（台北、新北、基隆、桃園、新竹、苗栗）,"$30,000元(含)以下","$20,000元(含)以下",一直有使用,3個月以下,五到七天一次,"防曬乳液 (Sunscreen Lotion), 防曬噴霧 (Sunscreen Spray)",都沒有用過,普通,普通,普通,普通,普通,普通,普通,普通,普通,普通,普通,普通,普通,普通,普通,普通,普通,普通,普通,普通,普通,普通,普通,普通,普通,普通,普通,不會,小於300
2025/5/28 上午 11:17:32,女,36-40歲,大學/大專,金融業,北部（台北、新北、基隆、桃園、新竹、苗栗）,"$30,001-50,000元","$20,001-40,000元",曾經使用過,6年以上,一週一次,"沒有使用防曬產品, 防曬乳液 (Sunscreen Lotion), 防曬噴霧 (Sunscreen Spray)",金鑽高效防曬露NA（5X版）,同意,同意,同意,同意,普通,同意,同意,同意,同意,同意,普通,普通,同意,普通,普通,普通,同意,普通,普通,普通,普通,普通,非常同意,非常同意,同意,同意,同意,會,300元-500元
2025/5/28 下午 12:29:41,女,18-25歲,大學/大專,學生,北部（台北、新北、基隆、桃園、新竹、苗栗）,"$30,000元(含)以下","$20,000元(含)以下",一直有使用,6年以上,一個月一次,"防曬乳液 (Sunscreen Lotion), 防曬噴霧 (Sunscreen Spray)","金鑽高效防曬露NA（5X版）, 美光燈潤色防曬凝膠N",普通,普通,普通,普通,普通,普通,普通,普通,普通,同意,同意,不同意,同意,普通,同意,同意,同意,同意,不同意,不同意,不同意,非常不同意,同意,非常同意,非常同意,非常同意,非常同意,不會,小於300
2025/5/28 下午 2:07:02,女,18-25歲,大學/大專,學生,北部（台北、新北、基隆、桃園、新竹、苗栗）,"$30,000元(含)以下","$20,000元(含)以下",一直有使用,3-4年,兩到三天一次,"防曬乳液 (Sunscreen Lotion), 防曬霜 (Sunscreen Cream), 防曬噴霧 (Sunscreen Spray)",金鑽高效防曬露NA（5X版）,同意,同意,同意,非常同意,非常同意,非常同意,非常同意,非常同意,非常同意,普通,普通,普通,同意,普通,非常同意,非常同意,非常同意,非常同意,普通,普通,普通,普通,非常同意,普通,非常同意,非常同意,非常同意,會,300元-500元
2025/5/28 下午 2:34:08,男,41-45歲,大學/大專,服務業,北部（台北、新北、基隆、桃園、新竹、苗栗）,"$70,001-90,000元","$60,001-80,000元",一直有使用,6年以上,每天,防曬乳液 (Sunscreen Lotion),金鑽高效防曬露NA（5X版）,同意,同意,普通,同意,非常同意,同意,同意,同意,同意,普通,普通,普通,普通,普通,普通,普通,普通,普通,普通,普通,普通,普通,非常同意,非常同意,非常同意,同意,非常同意,會,701元-900元
2025/5/28 下午 2:56:26,男,18-25歲,大學/大專,學生,北部（台北、新北、基隆、桃園、新竹、苗栗）,"$30,000元(含)以下","$20,000元(含)以下",曾經使用過,1-2 年,一個月一次,"防曬乳液 (Sunscreen Lotion), 防曬噴霧 (Sunscreen Spray)",都沒有用過,同意,同意,同意,同意,普通,普通,同意,同意,同意,同意,同意,普通,普通,同意,不同意,普通,普通,普通,同意,同意,同意,同意,同意,不同意,同意,同意,同意,會,300元-500元
2025/5/28 下午 6:09:54,男,18-25歲,大學/大專,學生,北部（台北、新北、基隆、桃園、新竹、苗栗）,"$30,000元(含)以下","$20,000元(含)以下",曾經使用過,3個月以下,七個月以上一次,防曬乳液 (Sunscreen Lotion),都沒有用過,普通,同意,普通,普通,普通,普通,普通,普通,普通,普通,普通,普通,普通,普通,普通,普通,普通,普通,普通,普通,普通,普通,非常同意,非常同意,非常同意,非常同意,非常同意,不會,小於300
2025/5/28 下午 6:18:18,女,18-25歲,大學/大專,學生,南部（嘉義、台南、高雄、屏東）,"$30,001-50,000元","$20,000元(含)以下",一直有使用,5-6年,每天,防曬乳液 (Sunscreen Lotion),都沒有用過,同意,同意,同意,非常同意,非常同意,非常同意,非常同意,非常同意,非常同意,同意,同意,普通,同意,同意,普通,同意,同意,普通,普通,普通,普通,普通,非常同意,非常同意,非常同意,非常同意,非常同意,會,300元-500元
2025/5/28 下午 6:20:21,女,31-35歲,大學/大專,服務業,南部（嘉義、台南、高雄、屏東）,"$30,001-50,000元","$20,000元(含)以下",一直有使用,6年以上,兩到三週一次,防曬乳液 (Sunscreen Lotion),都沒有用過,非常不同意,非常不同意,非常不同意,同意,同意,同意,同意,同意,同意,同意,同意,同意,同意,同意,普通,普通,普通,普通,普通,普通,普通,普通,同意,非常同意,非常同意,非常同意,非常同意,不會,701元-900元
2025/5/28 下午 6:20:28,女,18-25歲,碩士,專業人員(醫生、律師、工程師等),北部（台北、新北、基隆、桃園、新竹、苗栗）,"$30,001-50,000元","$20,000元(含)以下",一直有使用,6年以上,兩到三天一次,"防曬乳液 (Sunscreen Lotion), 防曬霜 (Sunscreen Cream), 防曬噴霧 (Sunscreen Spray)","金鑽高效防曬露NA（5X版）, 金鑽高效水感防曬凝膠NA",同意,同意,普通,非常同意,非常同意,非常同意,非常同意,普通,同意,同意,非常同意,同意,同意,同意,不同意,普通,普通,不同意,同意,同意,同意,同意,非常同意,非常同意,非常同意,非常同意,非常同意,會,300元-500元
2025/5/28 下午 6:23:20,女,26-30歲,大學/大專,服務業,北部（台北、新北、基隆、桃園、新竹、苗栗）,"$30,000元(含)以下","$20,000元(含)以下",一直有使用,6年以上,一週一次,防曬乳液 (Sunscreen Lotion),都沒有用過,同意,同意,普通,普通,普通,普通,普通,普通,普通,普通,同意,普通,普通,普通,普通,普通,普通,普通,普通,普通,普通,普通,同意,非常同意,非常同意,同意,非常同意,會,小於300
2025/5/28 下午 6:25:32,女,18-25歲,大學/大專,傳播/文化業,北部（台北、新北、基隆、桃園、新竹、苗栗）,"$30,001-50,000元","$20,000元(含)以下",曾經使用過,3-4年,兩到三週一次,防曬乳液 (Sunscreen Lotion),金鑽高效防曬露NA（5X版）,非常同意,非常同意,非常同意,非常同意,非常同意,非常同意,非常同意,非常同意,非常同意,非常同意,非常同意,同意,非常同意,同意,非常同意,非常同意,非常同意,同意,普通,普通,普通,不同意,同意,同意,同意,非常同意,非常同意,會,501元-700元
2025/5/28 下午 6:25:54,男,18-25歲,碩士,學生,北部（台北、新北、基隆、桃園、新竹、苗栗）,"$30,000元(含)以下","$20,000元(含)以下",曾經使用過,3個月以下,四到六個月一次,防曬乳液 (Sunscreen Lotion),都沒有用過,普通,普通,普通,同意,同意,同意,同意,普通,同意,普通,普通,普通,普通,普通,普通,同意,同意,普通,普通,普通,普通,普通,普通,普通,同意,普通,普通,不會,
2025/5/28 下午 6:26:15,女,26-30歲,大學/大專,服務業,中部（台中、彰化、南投、雲林）,"$30,001-50,000元","$20,001-40,000元",曾經使用過,3個月以下,一個月一次,防曬乳液 (Sunscreen Lotion),都沒有用過,普通,普通,同意,同意,同意,同意,同意,同意,同意,同意,普通,普通,同意,普通,同意,同意,同意,同意,同意,普通,同意,同意,同意,同意,同意,同意,同意,不會,小於300
2025/5/28 下午 6:30:44,女,18-25歲,大學/大專,軍公教人員(軍人、公務人員、教師),北部（台北、新北、基隆、桃園、新竹、苗栗）,"$50,001-70,000元","$20,001-40,000元",曾經使用過,6年以上,兩到三個月一次,防曬乳液 (Sunscreen Lotion),都沒有用過,同意,同意,普通,普通,普通,普通,同意,同意,同意,普通,普通,普通,普通,普通,普通,普通,普通,普通,普通,普通,普通,普通,普通,普通,同意,普通,普通,會,901元-1200元
2025/5/28 下午 6:35:17,女,18歲以下,國中以下,學生,北部（台北、新北、基隆、桃園、新竹、苗栗）,"$30,000元(含)以下","$20,000元(含)以下",一直有使用,3-6個月,兩到三天一次,防曬霜 (Sunscreen Cream),"金鑽高效防曬露NA（5X版）, 金鑽高效水感防曬凝膠NA",同意,同意,同意,同意,同意,同意,同意,同意,同意,同意,同意,同意,同意,同意,同意,同意,同意,同意,同意,同意,同意,同意,同意,同意,同意,同意,同意,會,300元-500元
2025/5/28 下午 6:37:29,女,31-35歲,大學/大專,資訊科技業,北部（台北、新北、基隆、桃園、新竹、苗栗）,"$30,001-50,000元","$20,001-40,000元",一直有使用,6年以上,每天,"防曬乳液 (Sunscreen Lotion), 防曬霜 (Sunscreen Cream), 防曬噴霧 (Sunscreen Spray), 防曬粉 (Sunscreen Powder)",金鑽高效防曬露NA（5X版）,普通,普通,普通,同意,普通,同意,普通,普通,普通,普通,普通,普通,普通,普通,普通,普通,普通,普通,普通,普通,普通,普通,同意,普通,同意,同意,同意,不會,300元-500元
2025/5/28 下午 6:39:11,女,18-25歲,大學/大專,學生,南部（嘉義、台南、高雄、屏東）,"$30,000元(含)以下","$20,001-40,000元",一直有使用,6年以上,每天,防曬乳液 (Sunscreen Lotion),金鑽高效防曬露NA（5X版）,同意,同意,同意,同意,同意,同意,同意,同意,同意,同意,同意,同意,同意,同意,同意,同意,同意,同意,同意,同意,同意,同意,同意,同意,同意,同意,同意,會,901元-1200元
2025/5/28 下午 6:40:38,女,18-25歲,大學/大專,製造業,北部（台北、新北、基隆、桃園、新竹、苗栗）,"$30,001-50,000元","$20,000元(含)以下",曾經使用過,6年以上,兩到三個月一次,"防曬乳液 (Sunscreen Lotion), 防曬噴霧 (Sunscreen Spray)",都沒有用過,同意,非常同意,普通,同意,同意,非常同意,非常同意,非常同意,非常同意,同意,非常同意,同意,非常同意,同意,非常同意,同意,非常同意,非常同意,同意,普通,普通,普通,非常同意,非常同意,非常同意,非常同意,非常同意,會,300元-500元
2025/5/28 下午 6:41:35,女,26-30歲,大學/大專,學生,北部（台北、新北、基隆、桃園、新竹、苗栗）,"$30,000元(含)以下","$20,000元(含)以下",一直有使用,6年以上,每天,防曬乳液 (Sunscreen Lotion),金鑽高效防曬露NA（5X版）,普通,普通,普通,普通,普通,普通,同意,普通,普通,普通,不同意,普通,普通,普通,同意,同意,同意,同意,普通,普通,普通,普通,同意,同意,同意,同意,同意,不會,
2025/5/28 下午 6:45:12,女,26-30歲,碩士,學生,北部（台北、新北、基隆、桃園、新竹、苗栗）,"$30,000元(含)以下","$20,001-40,000元",曾經使用過,6年以上,兩到三週一次,"防曬乳液 (Sunscreen Lotion), 防曬噴霧 (Sunscreen Spray)",金鑽高效防曬露NA（5X版）,普通,普通,普通,同意,同意,同意,同意,同意,同意,普通,普通,普通,普通,普通,普通,普通,普通,普通,普通,普通,普通,普通,同意,同意,同意,同意,同意,不會,
2025/5/28 下午 6:46:17,女,26-30歲,大學/大專,服務業,北部（台北、新北、基隆、桃園、新竹、苗栗）,"$30,000元(含)以下","$20,000元(含)以下",曾經使用過,3個月以下,七個月以上一次,"防曬乳液 (Sunscreen Lotion), 防曬噴霧 (Sunscreen Spray)",都沒有用過,同意,同意,同意,非常同意,同意,非常同意,非常同意,同意,同意,同意,同意,同意,同意,同意,同意,同意,同意,同意,同意,同意,同意,同意,非常同意,同意,同意,同意,同意,會,小於300
2025/5/28 下午 6:47:50,女,18-25歲,大學/大專,學生,北部（台北、新北、基隆、桃園、新竹、苗栗）,"$30,000元(含)以下","$20,000元(含)以下",一直有使用,3-4年,每天,防曬乳液 (Sunscreen Lotion),都沒有用過,普通,普通,普通,同意,同意,同意,同意,同意,同意,同意,普通,普通,普通,普通,普通,同意,同意,普通,普通,普通,普通,普通,同意,不同意,同意,同意,同意,不會,
2025/5/28 下午 6:52:11,女,18-25歲,大學/大專,學生,北部（台北、新北、基隆、桃園、新竹、苗栗）,"$30,000元(含)以下","$20,000元(含)以下",一直有使用,1-2 年,兩到三天一次,防曬乳液 (Sunscreen Lotion),都沒有用過,普通,同意,同意,同意,同意,同意,同意,同意,同意,普通,普通,普通,普通,普通,普通,同意,同意,普通,不同意,不同意,不同意,不同意,同意,普通,非常同意,同意,同意,會,300元-500元
2025/5/28 下午 6:57:18,女,26-30歲,大學/大專,專業人員(醫生、律師、工程師等),南部（嘉義、台南、高雄、屏東）,"$30,001-50,000元","$20,000元(含)以下",一直有使用,3個月以下,兩到三天一次,"防曬乳液 (Sunscreen Lotion), 防曬噴霧 (Sunscreen Spray)",金鑽高效防曬露NA（5X版）,普通,普通,普通,普通,普通,普通,普通,普通,普通,普通,普通,普通,普通,普通,普通,普通,普通,普通,普通,普通,普通,普通,普通,普通,普通,普通,普通,會,300元-500元
2025/5/28 下午 6:59:23,女,18-25歲,大學/大專,學生,北部（台北、新北、基隆、桃園、新竹、苗栗）,"$30,000元(含)以下","$20,000元(含)以下",一直有使用,6年以上,兩到三天一次,"防曬乳液 (Sunscreen Lotion), 防曬噴霧 (Sunscreen Spray)",金鑽高效防曬露NA（5X版）,同意,同意,同意,同意,同意,同意,同意,同意,同意,同意,同意,同意,同意,同意,同意,同意,同意,同意,同意,同意,同意,同意,同意,同意,同意,同意,同意,會,小於300
2025/5/28 下午 7:06:04,女,18-25歲,大學/大專,製造業,中部（台中、彰化、南投、雲林）,"$30,001-50,000元","$20,000元(含)以下",曾經使用過,3-4年,四到五天一次,防曬乳液 (Sunscreen Lotion),金鑽高效防曬露NA（5X版）,同意,同意,同意,同意,同意,普通,普通,普通,同意,普通,普通,普通,同意,同意,非常同意,同意,非常同意,非常同意,普通,普通,普通,普通,非常同意,非常同意,非常同意,非常同意,非常同意,會,小於300
2025/5/28 下午 7:07:48,女,26-30歲,大學/大專,專業人員(醫生、律師、工程師等),中部（台中、彰化、南投、雲林）,"$50,001-70,000元","$40,001-60,000元",曾經使用過,6年以上,兩到三個月一次,防曬噴霧 (Sunscreen Spray),金鑽高效防曬露NA（5X版）,普通,普通,普通,普通,普通,普通,普通,普通,普通,普通,普通,普通,普通,普通,普通,普通,普通,普通,普通,普通,普通,普通,同意,同意,同意,同意,同意,會,501元-700元
2025/5/28 下午 7:08:17,女,18-25歲,大學/大專,製造業,北部（台北、新北、基隆、桃園、新竹、苗栗）,"$30,001-50,000元","$20,001-40,000元",一直有使用,6年以上,每天,防曬乳液 (Sunscreen Lotion),輕親柔光敏感肌防曬露NA,普通,普通,普通,同意,普通,同意,同意,普通,普通,不同意,不同意,不同意,不同意,不同意,不同意,不同意,普通,普通,普通,普通,普通,普通,同意,同意,同意,同意,同意,不會,
2025/5/28 下午 7:10:07,女,18-25歲,高中(職),學生,南部（嘉義、台南、高雄、屏東）,"$30,000元(含)以下","$20,000元(含)以下",一直有使用,1-2 年,兩到三天一次,防曬乳液 (Sunscreen Lotion),都沒有用過,同意,同意,普通,同意,同意,同意,同意,同意,同意,同意,同意,同意,同意,同意,普通,同意,普通,普通,普通,普通,普通,普通,同意,同意,同意,同意,同意,會,300元-500元
2025/5/28 下午 7:12:19,女,51-55歲,大學/大專,服務業,北部（台北、新北、基隆、桃園、新竹、苗栗）,"$130,001-150,000元","$80,001-100,000元",一直有使用,6年以上,兩到三天一次,"防曬乳液 (Sunscreen Lotion), 防曬霜 (Sunscreen Cream), 防曬噴霧 (Sunscreen Spray)","都沒有用過, 金鑽高效防曬露NA（5X版）, 金鑽高效水感防曬凝膠NA",非常同意,非常同意,非常同意,同意,非常同意,同意,同意,同意,非常同意,同意,普通,不同意,不同意,不同意,普通,同意,同意,同意,普通,不同意,不同意,不同意,同意,普通,同意,普通,普通,會,501元-700元
2025/5/28 下午 7:17:48,女,18-25歲,大學/大專,資訊科技業,北部（台北、新北、基隆、桃園、新竹、苗栗）,"$30,000元(含)以下","$20,001-40,000元",一直有使用,6年以上,,"防曬乳液 (Sunscreen Lotion), 防曬霜 (Sunscreen Cream), 防曬噴霧 (Sunscreen Spray), 防曬棒 (Sunscreen Stick)",金鑽高效防曬露NA（5X版）,同意,同意,同意,普通,同意,同意,同意,同意,同意,同意,同意,同意,同意,同意,同意,同意,非常同意,非常同意,普通,普通,普通,普通,非常同意,同意,同意,同意,同意,會,大於1300
2025/5/28 下午 7:19:42,女,18-25歲,碩士,學生,北部（台北、新北、基隆、桃園、新竹、苗栗）,"$30,000元(含)以下","$20,000元(含)以下",一直有使用,2-3年,兩到三天一次,"防曬乳液 (Sunscreen Lotion), 防曬霜 (Sunscreen Cream)",金鑽高效防曬露NA（5X版）,同意,同意,普通,普通,普通,普通,同意,同意,同意,同意,普通,普通,普通,普通,普通,普通,普通,不同意,普通,普通,不同意,普通,普通,普通,普通,普通,普通,會,300元-500元
2025/5/28 下午 7:36:44,女,26-30歲,大學/大專,自由業,北部（台北、新北、基隆、桃園、新竹、苗栗）,"$50,001-70,000元","$20,001-40,000元",一直有使用,6年以上,兩到三天一次,防曬乳液 (Sunscreen Lotion),"金鑽高效防曬露NA（5X版）, 輕親柔光敏感肌防曬露NA",同意,同意,同意,同意,同意,同意,同意,同意,同意,同意,同意,普通,普通,普通,同意,同意,同意,同意,普通,不同意,不同意,不同意,同意,同意,同意,同意,同意,會,901元-1200元
2025/5/28 下午 7:37:56,女,18-25歲,大學/大專,服務業,中部（台中、彰化、南投、雲林）,"$30,000元(含)以下","$20,000元(含)以下",一直有使用,6年以上,兩到三天一次,防曬乳液 (Sunscreen Lotion),輕親柔光敏感肌防曬露NA,同意,同意,同意,非常同意,同意,非常同意,非常同意,非常同意,非常同意,同意,同意,同意,同意,同意,普通,普通,同意,同意,普通,普通,普通,普通,非常同意,非常同意,非常同意,非常同意,非常同意,不會,
2025/5/28 下午 7:41:43,女,18-25歲,大學/大專,學生,離島地區(澎湖、金門、馬祖),"$30,000元(含)以下","$20,000元(含)以下",一直有使用,6年以上,一週一次,防曬乳液 (Sunscreen Lotion),都沒有用過,同意,同意,普通,普通,普通,普通,普通,普通,同意,普通,普通,普通,普通,普通,普通,普通,普通,普通,不同意,不同意,不同意,不同意,同意,非常同意,非常同意,非常同意,非常同意,會,小於300
2025/5/28 下午 7:46:27,女,18-25歲,大學/大專,金融業,北部（台北、新北、基隆、桃園、新竹、苗栗）,"$30,001-50,000元","$20,000元(含)以下",一直有使用,5-6年,每天,防曬乳液 (Sunscreen Lotion),都沒有用過,普通,同意,普通,普通,同意,普通,普通,普通,普通,不同意,不同意,不同意,不同意,不同意,不同意,不同意,不同意,不同意,不同意,不同意,不同意,不同意,同意,同意,同意,同意,同意,不會,小於300
2025/5/28 下午 7:51:01,女,18-25歲,大學/大專,學生,南部（嘉義、台南、高雄、屏東）,"$30,000元(含)以下","$20,000元(含)以下",一直有使用,5-6年,每天,"防曬霜 (Sunscreen Cream), 防曬噴霧 (Sunscreen Spray)",金鑽高效防曬露NA（5X版）,非常同意,非常同意,同意,普通,普通,普通,普通,普通,普通,非常同意,非常同意,非常同意,非常同意,非常同意,同意,同意,非常同意,同意,普通,普通,同意,同意,同意,同意,同意,非常同意,同意,會,小於300
2025/5/28 下午 8:16:36,女,31-35歲,大學/大專,自由業,北部（台北、新北、基隆、桃園、新竹、苗栗）,"$30,001-50,000元","$20,001-40,000元",一直有使用,6年以上,每天,"防曬乳液 (Sunscreen Lotion), 防曬噴霧 (Sunscreen Spray)",金鑽高效防曬露NA（5X版）,同意,同意,普通,非常同意,非常同意,同意,同意,同意,非常同意,同意,同意,普通,同意,同意,同意,同意,同意,普通,普通,同意,同意,同意,非常同意,非常同意,同意,同意,同意,會,501元-700元
2025/5/28 下午 8:23:10,女,26-30歲,大學/大專,金融業,北部（台北、新北、基隆、桃園、新竹、苗栗）,"$50,001-70,000元","$20,001-40,000元",一直有使用,6年以上,每天,"防曬乳液 (Sunscreen Lotion), 防曬噴霧 (Sunscreen Spray)",美光燈潤色防曬凝膠N,同意,普通,普通,同意,同意,同意,同意,同意,同意,普通,普通,普通,普通,普通,同意,普通,同意,普通,普通,普通,普通,普通,普通,不同意,同意,普通,普通,會,300元-500元
2025/5/28 下午 8:28:15,女,41-45歲,大學/大專,軍公教人員(軍人、公務人員、教師),北部（台北、新北、基隆、桃園、新竹、苗栗）,"$30,001-50,000元","$20,001-40,000元",一直有使用,6年以上,每天,"防曬乳液 (Sunscreen Lotion), 防曬噴霧 (Sunscreen Spray)",金鑽高效防曬露NA（5X版）,非常同意,非常同意,非常同意,普通,普通,普通,普通,普通,普通,同意,同意,同意,同意,同意,同意,同意,同意,同意,不同意,不同意,不同意,不同意,同意,同意,同意,同意,同意,會,小於300
2025/5/28 下午 8:30:22,女,18-25歲,大學/大專,學生,北部（台北、新北、基隆、桃園、新竹、苗栗）,"$30,001-50,000元","$20,001-40,000元",曾經使用過,3-6個月,兩到三天一次,"防曬霜 (Sunscreen Cream), 防曬噴霧 (Sunscreen Spray)",金鑽高效防曬露NA（5X版）,同意,同意,非常同意,非常同意,非常同意,非常同意,非常同意,同意,同意,同意,非常同意,同意,非常同意,非常同意,同意,同意,同意,非常同意,同意,同意,非常同意,非常同意,非常同意,非常同意,非常同意,非常同意,非常同意,會,701元-900元
2025/5/28 下午 8:35:56,女,18-25歲,大學/大專,服務業,北部（台北、新北、基隆、桃園、新竹、苗栗）,"$30,001-50,000元","$20,000元(含)以下",一直有使用,2-3年,兩到三天一次,防曬霜 (Sunscreen Cream),金鑽高效防曬露NA（5X版）,普通,普通,普通,同意,普通,同意,同意,同意,同意,普通,普通,普通,普通,普通,普通,普通,普通,普通,不同意,不同意,不同意,不同意,同意,同意,同意,非常同意,非常同意,不會,
2025/5/28 下午 8:56:34,女,18-25歲,大學/大專,服務業,中部（台中、彰化、南投、雲林）,"$30,000元(含)以下","$20,000元(含)以下",一直有使用,1-2 年,兩到三天一次,防曬乳液 (Sunscreen Lotion),都沒有用過,普通,普通,普通,同意,同意,同意,同意,同意,同意,普通,普通,普通,普通,普通,普通,普通,普通,普通,普通,普通,普通,普通,同意,普通,同意,同意,普通,不會,501元-700元
2025/5/28 下午 9:10:24,女,18歲以下,高中(職),學生,北部（台北、新北、基隆、桃園、新竹、苗栗）,"$30,000元(含)以下","$20,000元(含)以下",一直有使用,6年以上,每天,"防曬乳液 (Sunscreen Lotion), 防曬霜 (Sunscreen Cream)",都沒有用過,普通,普通,普通,同意,同意,同意,同意,同意,同意,普通,同意,普通,普通,普通,普通,不同意,普通,不同意,普通,普通,普通,普通,普通,普通,普通,普通,普通,不會,300元-500元
2025/5/28 下午 10:20:13,女,18-25歲,大學/大專,服務業,北部（台北、新北、基隆、桃園、新竹、苗栗）,"$30,000元(含)以下","$20,000元(含)以下",一直有使用,6-12個月,五到七天一次,防曬乳液 (Sunscreen Lotion),都沒有用過,同意,同意,同意,同意,同意,同意,同意,同意,同意,同意,同意,同意,同意,同意,同意,同意,同意,同意,同意,同意,同意,同意,非常同意,非常同意,非常同意,非常同意,非常同意,會,501元-700元
2025/5/28 下午 10:22:16,女,18-25歲,大學/大專,服務業,南部（嘉義、台南、高雄、屏東）,"$30,001-50,000元","$20,000元(含)以下",曾經使用過,3個月以下,四到六個月一次,"防曬乳液 (Sunscreen Lotion), 防曬噴霧 (Sunscreen Spray)",都沒有用過,同意,同意,同意,同意,同意,同意,同意,同意,同意,同意,同意,同意,同意,同意,普通,普通,同意,不同意,普通,普通,普通,普通,同意,同意,同意,同意,同意,會,300元-500元
2025/5/28 下午 10:39:00,男,41-45歲,大學/大專,金融業,北部（台北、新北、基隆、桃園、新竹、苗栗）,"$30,001-50,000元","$20,001-40,000元",曾經使用過,3-6個月,一週一次,防曬乳液 (Sunscreen Lotion),都沒有用過,同意,同意,同意,非常同意,非常同意,非常同意,非常同意,非常同意,非常同意,非常同意,非常同意,非常同意,非常同意,非常同意,非常同意,非常同意,非常同意,非常同意,非常同意,非常同意,非常同意,非常同意,非常同意,非常同意,非常同意,非常同意,非常同意,會,501元-700元
2025/5/28 下午 10:54:50,女,18-25歲,大學/大專,學生,北部（台北、新北、基隆、桃園、新竹、苗栗）,"$30,000元(含)以下","$20,000元(含)以下",一直有使用,6年以上,每天,防曬乳液 (Sunscreen Lotion),"金鑽高效防曬露NA（5X版）, 金鑽高效水感防曬凝膠NA",同意,同意,同意,同意,同意,同意,同意,同意,同意,普通,普通,普通,普通,普通,普通,普通,同意,普通,普通,普通,普通,普通,普通,普通,普通,普通,普通,會,901元-1200元
2025/5/28 下午 11:10:55,女,18-25歲,大學/大專,服務業,南部（嘉義、台南、高雄、屏東）,"$30,000元(含)以下","$20,000元(含)以下",一直有使用,6-12個月,兩到三天一次,"防曬乳液 (Sunscreen Lotion), 防曬噴霧 (Sunscreen Spray)",都沒有用過,普通,同意,普通,同意,普通,普通,普通,普通,普通,普通,同意,不同意,普通,不同意,不同意,普通,普通,普通,不同意,不同意,不同意,普通,同意,同意,同意,同意,同意,會,501元-700元
2025/5/28 下午 11:28:50,女,18-25歲,碩士,學生,中部（台中、彰化、南投、雲林）,"$30,000元(含)以下","$20,000元(含)以下",一直有使用,6年以上,每天,"防曬乳液 (Sunscreen Lotion), 防曬噴霧 (Sunscreen Spray)",金鑽高效水感防曬凝膠NA,同意,同意,同意,同意,同意,同意,同意,同意,同意,同意,同意,普通,普通,普通,普通,普通,普通,普通,不同意,不同意,普通,不同意,同意,不同意,同意,同意,同意,會,501元-700元
2025/5/28 下午 11:49:57,女,18歲以下,四技五專,學生,南部（嘉義、台南、高雄、屏東）,"$30,000元(含)以下","$20,000元(含)以下",一直有使用,1-2 年,每天,"防曬乳液 (Sunscreen Lotion), 防曬霜 (Sunscreen Cream)",金鑽高效防曬露NA（5X版）,普通,普通,普通,同意,同意,同意,同意,同意,同意,同意,同意,同意,同意,同意,普通,同意,同意,同意,普通,普通,普通,普通,同意,同意,同意,同意,同意,會,小於300
2025/5/28 下午 11:50:58,女,18-25歲,大學/大專,學生,北部（台北、新北、基隆、桃園、新竹、苗栗）,"$30,000元(含)以下","$20,000元(含)以下",一直有使用,6年以上,每天,防曬乳液 (Sunscreen Lotion),都沒有用過,普通,普通,普通,同意,同意,同意,同意,同意,同意,普通,普通,普通,普通,普通,普通,同意,同意,同意,不同意,不同意,不同意,不同意,同意,同意,同意,同意,同意,不會,
2025/5/29 上午 12:16:58,女,18-25歲,大學/大專,服務業,北部（台北、新北、基隆、桃園、新竹、苗栗）,"$30,001-50,000元","$20,000元(含)以下",一直有使用,6年以上,每天,"防曬霜 (Sunscreen Cream), 防曬噴霧 (Sunscreen Spray)",金鑽高效防曬露NA（5X版）,同意,同意,同意,同意,同意,同意,同意,同意,同意,普通,普通,普通,普通,普通,普通,同意,同意,同意,普通,普通,普通,普通,同意,同意,同意,同意,同意,會,300元-500元
2025/5/29 上午 12:54:43,女,18-25歲,大學/大專,學生,南部（嘉義、台南、高雄、屏東）,"$30,000元(含)以下","$20,000元(含)以下",曾經使用過,2-3年,五到七天一次,防曬乳液 (Sunscreen Lotion),都沒有用過,同意,同意,普通,普通,普通,同意,同意,同意,普通,普通,普通,普通,普通,普通,同意,普通,同意,同意,普通,普通,普通,普通,非常同意,同意,同意,非常同意,同意,會,300元-500元
2025/5/29 上午 1:19:29,女,18-25歲,大學/大專,學生,北部（台北、新北、基隆、桃園、新竹、苗栗）,"$30,000元(含)以下","$20,000元(含)以下",一直有使用,5-6年,每天,防曬乳液 (Sunscreen Lotion),金鑽高效防曬露NA（5X版）,同意,同意,同意,普通,同意,同意,同意,同意,同意,同意,同意,普通,普通,普通,普通,普通,同意,普通,普通,普通,普通,普通,同意,同意,同意,同意,同意,會,501元-700元
2025/5/29 上午 4:48:20,男,18-25歲,碩士,學生,北部（台北、新北、基隆、桃園、新竹、苗栗）,"$30,000元(含)以下","$20,000元(含)以下",曾經使用過,3個月以下,兩到三週一次,防曬乳液 (Sunscreen Lotion),都沒有用過,普通,普通,普通,同意,同意,同意,同意,同意,同意,普通,普通,普通,普通,普通,不同意,普通,普通,不同意,普通,普通,普通,普通,同意,同意,同意,同意,普通,會,300元-500元
2025/5/29 上午 9:39:30,女,18-25歲,大學/大專,學生,北部（台北、新北、基隆、桃園、新竹、苗栗）,"$30,000元(含)以下","$20,000元(含)以下",曾經使用過,3個月以下,七個月以上一次,"防曬乳液 (Sunscreen Lotion), 防曬霜 (Sunscreen Cream)","金鑽高效水感防曬凝膠NA, 輕親柔光敏感肌防曬露NA",同意,同意,同意,非常同意,非常同意,非常同意,非常同意,非常同意,非常同意,非常同意,非常同意,非常同意,非常同意,非常同意,非常同意,非常同意,非常同意,非常同意,非常同意,非常同意,非常同意,非常同意,非常同意,非常同意,非常同意,非常同意,非常同意,會,901元-1200元
2025/5/29 上午 9:51:25,女,26-30歲,碩士,學生,北部（台北、新北、基隆、桃園、新竹、苗栗）,"$30,000元(含)以下","$20,001-40,000元",一直有使用,6年以上,一週一次,防曬乳液 (Sunscreen Lotion),都沒有用過,非常同意,非常同意,同意,同意,同意,同意,同意,同意,同意,普通,非常同意,非常同意,同意,同意,同意,同意,同意,同意,普通,普通,普通,普通,同意,同意,非常同意,非常同意,同意,會,701元-900元
2025/5/29 下午 12:35:37,女,18-25歲,大學/大專,服務業,北部（台北、新北、基隆、桃園、新竹、苗栗）,"$30,001-50,000元","$20,000元(含)以下",曾經使用過,3個月以下,兩到三週一次,"防曬乳液 (Sunscreen Lotion), 防曬噴霧 (Sunscreen Spray)",輕親柔光敏感肌防曬露NA,同意,同意,普通,普通,普通,普通,同意,普通,普通,普通,不同意,不同意,普通,普通,普通,普通,普通,普通,不同意,不同意,普通,不同意,同意,同意,普通,同意,普通,會,501元-700元
2025/5/29 下午 1:04:18,男,18-25歲,大學/大專,學生,北部（台北、新北、基隆、桃園、新竹、苗栗）,"$30,000元(含)以下","$20,000元(含)以下",曾經使用過,3個月以下,兩到三週一次,"沒有使用防曬產品, 防曬噴霧 (Sunscreen Spray), 防曬凝膠 (Sunscreen Gel)",都沒有用過,同意,同意,非常同意,同意,同意,同意,同意,非常同意,同意,同意,非常同意,同意,同意,同意,普通,同意,非常同意,同意,同意,非常同意,同意,非常同意,同意,非常同意,同意,非常同意,同意,會,300元-500元
2025/5/29 下午 1:25:40,女,31-35歲,大學/大專,專業人員(醫生、律師、工程師等),北部（台北、新北、基隆、桃園、新竹、苗栗）,"$70,001-90,000元","$20,001-40,000元",一直有使用,6年以上,每天,防曬乳液 (Sunscreen Lotion),都沒有用過,普通,普通,同意,同意,同意,同意,同意,同意,同意,同意,同意,同意,同意,同意,同意,同意,普通,不同意,同意,普通,同意,普通,同意,同意,非常同意,非常同意,非常同意,不會,501元-700元
2025/5/29 下午 2:07:40,女,18-25歲,大學/大專,學生,北部（台北、新北、基隆、桃園、新竹、苗栗）,"$30,000元(含)以下","$20,000元(含)以下",一直有使用,1-2 年,四到五天一次,"防曬乳液 (Sunscreen Lotion), 防曬噴霧 (Sunscreen Spray)","都沒有用過, 金鑽高效防曬露NA（5X版）",非常同意,非常同意,非常同意,非常同意,非常同意,非常同意,非常同意,非常同意,非常同意,非常同意,非常同意,普通,非常同意,普通,同意,非常同意,非常同意,非常同意,不同意,不同意,非常不同意,不同意,非常同意,非常同意,非常同意,非常同意,非常同意,會,300元-500元
2025/5/29 下午 2:08:22,女,18-25歲,大學/大專,學生,北部（台北、新北、基隆、桃園、新竹、苗栗）,"$30,000元(含)以下","$20,001-40,000元",曾經使用過,3-4年,四到五天一次,防曬乳液 (Sunscreen Lotion),金鑽高效水感防曬凝膠NA,普通,普通,同意,普通,普通,同意,同意,同意,同意,普通,同意,同意,普通,普通,普通,普通,同意,普通,普通,同意,普通,普通,普通,不同意,普通,普通,普通,會,501元-700元
2025/5/29 下午 2:08:22,女,18-25歲,高中(職),學生,北部（台北、新北、基隆、桃園、新竹、苗栗）,"$30,000元(含)以下","$20,000元(含)以下",一直有使用,1-2 年,兩到三天一次,防曬乳液 (Sunscreen Lotion),都沒有用過,普通,同意,普通,普通,普通,普通,普通,普通,普通,普通,普通,普通,普通,普通,不同意,普通,普通,不同意,普通,普通,普通,普通,普通,普通,普通,普通,普通,會,小於300
2025/5/29 下午 2:08:38,男,18-25歲,大學/大專,學生,北部（台北、新北、基隆、桃園、新竹、苗栗）,"$30,000元(含)以下","$20,000元(含)以下",沒有使用過，未來也不會使用,,,沒有使用防曬產品,都沒有用過,非常不同意,非常不同意,非常不同意,非常不同意,非常不同意,非常不同意,非常不同意,非常不同意,非常不同意,不同意,非常不同意,不同意,非常不同意,非常不同意,普通,普通,普通,普通,非常不同意,非常不同意,非常不同意,非常不同意,普通,普通,普通,普通,普通,不會,
2025/5/29 下午 2:09:02,女,18-25歲,大學/大專,學生,北部（台北、新北、基隆、桃園、新竹、苗栗）,"$30,000元(含)以下","$40,001-60,000元",曾經使用過,3個月以下,四到六個月一次,沒有使用防曬產品,都沒有用過,同意,同意,同意,同意,同意,同意,同意,同意,同意,同意,同意,同意,同意,同意,同意,同意,同意,同意,同意,同意,同意,同意,同意,同意,同意,同意,同意,會,300元-500元
2025/5/29 下午 2:09:21,女,18-25歲,大學/大專,學生,北部（台北、新北、基隆、桃園、新竹、苗栗）,"$30,000元(含)以下","$20,000元(含)以下",一直有使用,6年以上,兩到三天一次,"防曬乳液 (Sunscreen Lotion), 防曬噴霧 (Sunscreen Spray)",金鑽高效防曬露NA（5X版）,同意,同意,同意,同意,同意,同意,同意,同意,同意,同意,同意,同意,同意,同意,不同意,同意,同意,普通,同意,不同意,普通,普通,同意,同意,同意,同意,同意,會,901元-1200元
2025/5/29 下午 2:10:24,女,18歲以下,大學/大專,學生,北部（台北、新北、基隆、桃園、新竹、苗栗）,"$30,000元(含)以下","$20,000元(含)以下",一直有使用,3-6個月,每天,"防曬乳液 (Sunscreen Lotion), 防曬霜 (Sunscreen Cream)",金鑽高效防曬露NA（5X版）,同意,同意,普通,同意,普通,同意,同意,同意,同意,同意,非常同意,同意,同意,同意,普通,普通,同意,同意,同意,普通,普通,普通,同意,非常同意,非常同意,非常同意,同意,會,300元-500元
2025/5/29 下午 2:11:13,女,18-25歲,大學/大專,學生,北部（台北、新北、基隆、桃園、新竹、苗栗）,"$30,000元(含)以下","$20,001-40,000元",一直有使用,1-2 年,兩到三天一次,防曬乳液 (Sunscreen Lotion),金鑽高效防曬露NA（5X版）,同意,同意,非常同意,同意,同意,同意,同意,非常同意,非常同意,普通,同意,非常同意,非常同意,普通,同意,同意,非常同意,非常同意,普通,不同意,不同意,不同意,同意,非常同意,非常同意,非常同意,非常同意,會,300元-500元
2025/5/29 下午 2:11:28,女,18-25歲,大學/大專,學生,北部（台北、新北、基隆、桃園、新竹、苗栗）,"$30,000元(含)以下","$20,000元(含)以下",曾經使用過,2-3年,一個月一次,防曬乳液 (Sunscreen Lotion),都沒有用過,同意,同意,同意,同意,同意,同意,同意,同意,同意,普通,同意,普通,普通,同意,同意,同意,同意,同意,普通,普通,普通,普通,同意,同意,同意,同意,同意,會,300元-500元
2025/5/29 下午 2:11:30,女,18-25歲,大學/大專,學生,北部（台北、新北、基隆、桃園、新竹、苗栗）,"$30,000元(含)以下","$20,000元(含)以下",曾經使用過,3個月以下,每天,"防曬乳液 (Sunscreen Lotion), 防曬棒 (Sunscreen Stick)",都沒有用過,普通,同意,普通,同意,普通,同意,普通,普通,普通,同意,普通,普通,普通,同意,普通,同意,同意,普通,同意,普通,同意,同意,同意,同意,同意,同意,同意,會,300元-500元
2025/5/29 下午 2:12:51,女,18-25歲,大學/大專,學生,中部（台中、彰化、南投、雲林）,"$30,000元(含)以下","$20,000元(含)以下",曾經使用過,3個月以下,七個月以上一次,防曬乳液 (Sunscreen Lotion),都沒有用過,普通,普通,普通,普通,普通,不同意,同意,普通,同意,同意,普通,同意,同意,普通,同意,普通,同意,普通,不同意,不同意,不同意,不同意,同意,普通,同意,同意,同意,不會,300元-500元
2025/5/29 下午 2:14:33,女,18-25歲,大學/大專,學生,北部（台北、新北、基隆、桃園、新竹、苗栗）,"$30,000元(含)以下","$20,000元(含)以下",一直有使用,2-3年,兩到三天一次,"防曬霜 (Sunscreen Cream), 防曬噴霧 (Sunscreen Spray)",都沒有用過,普通,同意,不同意,普通,普通,普通,普通,普通,普通,普通,普通,普通,普通,普通,普通,普通,普通,普通,普通,不同意,不同意,普通,同意,同意,同意,同意,非常同意,不會,
2025/5/29 下午 2:14:50,女,18-25歲,大學/大專,學生,北部（台北、新北、基隆、桃園、新竹、苗栗）,"$30,001-50,000元","$20,001-40,000元",一直有使用,6年以上,兩到三天一次,防曬乳液 (Sunscreen Lotion),金鑽高效防曬露NA（5X版）,非常同意,非常同意,非常同意,非常同意,非常同意,非常同意,非常同意,非常同意,非常同意,同意,非常同意,普通,同意,同意,非常同意,非常同意,非常同意,同意,普通,普通,普通,普通,普通,不同意,同意,同意,同意,會,701元-900元
2025/5/29 下午 2:15:56,女,18-25歲,大學/大專,學生,北部（台北、新北、基隆、桃園、新竹、苗栗）,"$30,000元(含)以下","$20,000元(含)以下",曾經使用過,3個月以下,兩到三天一次,"防曬乳液 (Sunscreen Lotion), 防曬噴霧 (Sunscreen Spray)",美光燈潤色防曬凝膠N,普通,不同意,不同意,同意,普通,普通,普通,普通,普通,同意,普通,普通,普通,普通,普通,普通,不同意,普通,同意,普通,普通,普通,同意,普通,普通,普通,普通,不會,300元-500元
2025/5/29 下午 2:16:07,女,18-25歲,大學/大專,學生,北部（台北、新北、基隆、桃園、新竹、苗栗）,"$30,000元(含)以下","$20,000元(含)以下",曾經使用過,6-12個月,兩到三個月一次,防曬乳液 (Sunscreen Lotion),都沒有用過,同意,同意,普通,同意,同意,同意,同意,同意,同意,同意,同意,普通,不同意,不同意,普通,同意,普通,非常不同意,不同意,不同意,不同意,不同意,同意,不同意,同意,同意,同意,不會,300元-500元
2025/5/29 下午 2:19:27,男,26-30歲,大學/大專,學生,南部（嘉義、台南、高雄、屏東）,"$30,000元(含)以下","$20,000元(含)以下",一直有使用,3-6個月,每天,防曬乳液 (Sunscreen Lotion),金鑽高效防曬露NA（5X版）,非常同意,非常同意,同意,非常同意,非常同意,非常同意,同意,同意,非常同意,同意,非常同意,同意,非常同意,非常同意,普通,普通,同意,同意,不同意,不同意,不同意,不同意,非常同意,非常同意,非常同意,非常同意,非常同意,會,501元-700元
2025/5/29 下午 2:19:49,女,18-25歲,大學/大專,學生,北部（台北、新北、基隆、桃園、新竹、苗栗）,"$30,000元(含)以下","$20,000元(含)以下",一直有使用,6年以上,兩到三週一次,"防曬乳液 (Sunscreen Lotion), 防曬霜 (Sunscreen Cream), 防曬噴霧 (Sunscreen Spray)",都沒有用過,同意,同意,同意,同意,同意,同意,同意,同意,同意,同意,同意,同意,同意,同意,普通,同意,同意,同意,普通,普通,同意,同意,同意,同意,同意,同意,同意,會,501元-700元
2025/5/29 下午 2:22:40,女,18歲以下,大學/大專,學生,北部（台北、新北、基隆、桃園、新竹、苗栗）,"$30,000元(含)以下","$20,000元(含)以下",一直有使用,6年以上,每天,"防曬乳液 (Sunscreen Lotion), 防曬噴霧 (Sunscreen Spray)",都沒有用過,普通,普通,普通,同意,普通,普通,普通,普通,普通,普通,普通,普通,普通,普通,普通,普通,普通,普通,普通,普通,普通,普通,非常同意,非常同意,非常同意,非常同意,非常同意,不會,小於300
2025/5/29 下午 3:04:57,女,26-30歲,碩士,製造業,南部（嘉義、台南、高雄、屏東）,"$50,001-70,000元","$20,000元(含)以下",一直有使用,3-6個月,兩到三天一次,防曬乳液 (Sunscreen Lotion),都沒有用過,普通,普通,普通,普通,普通,同意,同意,普通,同意,普通,普通,普通,普通,普通,不同意,普通,普通,普通,普通,普通,普通,普通,同意,同意,同意,同意,同意,不會,300元-500元
2025/5/29 下午 3:28:25,女,18-25歲,大學/大專,學生,北部（台北、新北、基隆、桃園、新竹、苗栗）,"$30,000元(含)以下","$20,000元(含)以下",曾經使用過,6年以上,兩到三個月一次,防曬噴霧 (Sunscreen Spray),金鑽高效防曬露NA（5X版）,同意,同意,同意,同意,同意,同意,同意,同意,同意,不同意,同意,不同意,不同意,不同意,不同意,普通,同意,非常不同意,非常不同意,非常不同意,非常不同意,非常不同意,同意,同意,同意,同意,同意,會,501元-700元
2025/5/29 下午 3:48:47,女,26-30歲,大學/大專,營造業,南部（嘉義、台南、高雄、屏東）,"$30,001-50,000元","$20,000元(含)以下",一直有使用,6年以上,五到七天一次,"防曬乳液 (Sunscreen Lotion), 防曬噴霧 (Sunscreen Spray)",都沒有用過,同意,同意,普通,普通,同意,同意,同意,普通,同意,同意,非常同意,非常同意,同意,同意,同意,同意,同意,普通,普通,普通,不同意,不同意,非常同意,非常同意,非常同意,非常同意,普通,會,300元-500元
2025/5/29 下午 4:38:44,女,18-25歲,大學/大專,學生,北部（台北、新北、基隆、桃園、新竹、苗栗）,"$30,000元(含)以下","$20,000元(含)以下",一直有使用,1-2 年,每天,防曬霜 (Sunscreen Cream),金鑽高效防曬露NA（5X版）,同意,普通,普通,同意,普通,非常同意,非常同意,非常同意,同意,非常同意,非常同意,同意,非常同意,非常同意,普通,同意,同意,同意,普通,非常不同意,普通,普通,同意,不同意,同意,同意,非常同意,會,501元-700元
2025/5/29 下午 4:42:17,男,46-50歲,碩士,自由業,北部（台北、新北、基隆、桃園、新竹、苗栗）,"$30,000元(含)以下","$20,001-40,000元",曾經使用過,5-6年,兩到三天一次,防曬乳液 (Sunscreen Lotion),金鑽高效防曬露NA（5X版）,普通,普通,不同意,同意,同意,同意,同意,同意,同意,普通,同意,同意,同意,同意,普通,普通,普通,普通,普通,普通,普通,普通,同意,普通,同意,同意,同意,不會,
2025/5/29 下午 4:44:08,女,46-50歲,大學/大專,製造業,南部（嘉義、台南、高雄、屏東）,"$50,001-70,000元","$20,001-40,000元",一直有使用,6年以上,四到五天一次,"防曬乳液 (Sunscreen Lotion), 防曬噴霧 (Sunscreen Spray)",都沒有用過,同意,同意,同意,同意,同意,同意,同意,同意,同意,普通,同意,普通,普通,普通,普通,普通,普通,普通,普通,普通,普通,普通,同意,普通,普通,同意,同意,會,小於300
2025/5/29 下午 4:50:18,男,51-55歲,四技五專,製造業,中部（台中、彰化、南投、雲林）,"$130,001-150,000元","$80,001-100,000元",沒有使用過，但未來想要使用(不排斥),,,沒有使用防曬產品,都沒有用過,同意,同意,同意,同意,同意,同意,同意,同意,同意,同意,同意,同意,同意,同意,同意,同意,同意,同意,同意,同意,同意,同意,同意,同意,同意,同意,同意,會,501元-700元
2025/5/29 下午 4:50:33,女,18-25歲,大學/大專,學生,中部（台中、彰化、南投、雲林）,"$30,000元(含)以下","$20,000元(含)以下",曾經使用過,3-4年,兩到三天一次,"防曬乳液 (Sunscreen Lotion), 防曬噴霧 (Sunscreen Spray)",金鑽高效防曬露NA（5X版）,同意,同意,普通,普通,普通,同意,普通,普通,同意,普通,普通,普通,普通,普通,同意,普通,同意,普通,非常不同意,非常不同意,不同意,非常不同意,非常同意,非常同意,同意,非常同意,同意,會,300元-500元
2025/5/29 下午 4:53:21,女,46-50歲,大學/大專,家庭主婦,北部（台北、新北、基隆、桃園、新竹、苗栗）,"$30,001-50,000元","$20,001-40,000元",一直有使用,6年以上,每天,"防曬乳液 (Sunscreen Lotion), 防曬噴霧 (Sunscreen Spray)",金鑽高效水感防曬凝膠NA,普通,普通,普通,同意,普通,同意,同意,普通,普通,普通,普通,普通,普通,普通,不同意,普通,普通,不同意,普通,普通,普通,普通,同意,普通,同意,同意,同意,不會,701元-900元
2025/5/29 下午 4:54:22,男,46-50歲,大學/大專,教育,北部（台北、新北、基隆、桃園、新竹、苗栗）,"$110,001-130,000元","$80,001-100,000元",一直有使用,5-6年,兩到三天一次,"防曬乳液 (Sunscreen Lotion), 防曬噴霧 (Sunscreen Spray)","金鑽高效防曬露NA（5X版）, 輕親柔光敏感肌防曬露NA",非常同意,非常同意,非常同意,非常同意,同意,非常同意,非常同意,非常同意,非常同意,非常同意,同意,同意,同意,普通,普通,同意,同意,普通,同意,普通,普通,不同意,同意,普通,普通,普通,普通,會,大於1300
2025/5/29 下午 4:54:26,女,46-50歲,高中(職),家庭主婦,北部（台北、新北、基隆、桃園、新竹、苗栗）,"$30,000元(含)以下","$20,001-40,000元",曾經使用過,3個月以下,兩到三天一次,防曬噴霧 (Sunscreen Spray),曬後淨白修復精華（夜用）,同意,同意,同意,同意,同意,同意,同意,同意,同意,同意,同意,同意,同意,同意,同意,同意,同意,同意,同意,同意,同意,同意,同意,同意,同意,同意,同意,會,300元-500元
2025/5/29 下午 4:56:20,男,18-25歲,大學/大專,學生,北部（台北、新北、基隆、桃園、新竹、苗栗）,"$30,000元(含)以下","$20,000元(含)以下",一直有使用,3-6個月,,防曬乳液 (Sunscreen Lotion),都沒有用過,普通,同意,同意,普通,普通,同意,同意,同意,同意,普通,普通,普通,普通,普通,同意,同意,同意,同意,同意,同意,同意,同意,同意,同意,同意,同意,不同意,會,300元-500元
2025/5/29 下午 4:58:04,男,51-55歲,大學/大專,製造業,北部（台北、新北、基隆、桃園、新竹、苗栗）,"$90,001-110,000元","$40,001-60,000元",曾經使用過,6年以上,兩到三個月一次,"防曬乳液 (Sunscreen Lotion), 防曬噴霧 (Sunscreen Spray)",金鑽高效防曬露NA（5X版）,同意,同意,同意,同意,同意,同意,同意,同意,同意,普通,同意,同意,同意,同意,普通,同意,同意,同意,同意,同意,同意,同意,同意,同意,同意,同意,同意,會,701元-900元
2025/5/29 下午 5:00:29,男,46-50歲,四技五專,服務業,南部（嘉義、台南、高雄、屏東）,"$150,000元以上","$120,000元以上",曾經使用過,3-6個月,兩到三個月一次,防曬乳液 (Sunscreen Lotion),都沒有用過,普通,同意,同意,同意,同意,同意,同意,同意,同意,普通,普通,普通,普通,普通,普通,普通,同意,普通,普通,普通,普通,普通,普通,普通,普通,普通,普通,會,300元-500元
2025/5/29 下午 5:05:32,女,46-50歲,大學/大專,專業人員(醫生、律師、工程師等),北部（台北、新北、基隆、桃園、新竹、苗栗）,"$50,001-70,000元","$20,001-40,000元",一直有使用,6年以上,每天,防曬霜 (Sunscreen Cream),都沒有用過,同意,同意,同意,同意,同意,同意,同意,同意,同意,同意,同意,同意,同意,同意,同意,同意,同意,同意,同意,同意,同意,同意,同意,同意,同意,同意,同意,會,300元-500元
2025/5/29 下午 5:19:35,女,46-50歲,大學/大專,醫療,北部（台北、新北、基隆、桃園、新竹、苗栗）,"$110,001-130,000元","$20,001-40,000元",一直有使用,6年以上,每天,"防曬乳液 (Sunscreen Lotion), 防曬霜 (Sunscreen Cream)",都沒有用過,普通,普通,普通,普通,普通,普通,普通,普通,普通,普通,普通,普通,普通,普通,普通,普通,普通,普通,普通,普通,普通,普通,普通,普通,普通,普通,普通,會,300元-500元
2025/5/29 下午 5:20:39,男,46-50歲,碩士,資訊科技業,北部（台北、新北、基隆、桃園、新竹、苗栗）,"$70,001-90,000元","$40,001-60,000元",曾經使用過,6-12個月,四到六個月一次,"防曬乳液 (Sunscreen Lotion), 防曬噴霧 (Sunscreen Spray)",都沒有用過,同意,同意,同意,同意,同意,同意,同意,同意,同意,同意,同意,同意,同意,同意,同意,同意,同意,同意,同意,同意,同意,同意,同意,同意,同意,同意,同意,會,501元-700元
2025/5/29 下午 5:30:36,女,51-55歲,大學/大專,專業人員(醫生、律師、工程師等),北部（台北、新北、基隆、桃園、新竹、苗栗）,"$30,001-50,000元","$20,001-40,000元",一直有使用,6年以上,兩到三天一次,防曬乳液 (Sunscreen Lotion),金鑽高效防曬露NA（5X版）,非常同意,非常同意,非常同意,非常同意,非常同意,非常同意,非常同意,非常同意,非常同意,非常同意,非常同意,非常同意,非常同意,非常同意,普通,普通,同意,同意,非常同意,非常同意,非常同意,非常同意,非常同意,非常同意,非常同意,非常同意,非常同意,會,小於300
2025/5/29 下午 5:34:05,女,36-40歲,碩士,自由業,北部（台北、新北、基隆、桃園、新竹、苗栗）,"$150,000元以上","$120,000元以上",一直有使用,6-12個月,每天,防曬乳液 (Sunscreen Lotion),金鑽高效防曬露NA（5X版）,普通,普通,普通,非常同意,非常同意,非常同意,非常同意,普通,非常同意,普通,非常不同意,非常不同意,非常不同意,非常不同意,同意,同意,同意,同意,普通,非常不同意,非常不同意,非常不同意,同意,非常不同意,非常同意,非常同意,非常同意,不會,300元-500元
2025/5/29 下午 5:40:06,女,46-50歲,大學/大專,自由業,北部（台北、新北、基隆、桃園、新竹、苗栗）,"$130,001-150,000元","$80,001-100,000元",曾經使用過,6年以上,每天,"防曬乳液 (Sunscreen Lotion), 防曬霜 (Sunscreen Cream), 防曬噴霧 (Sunscreen Spray)",金鑽高效防曬露NA（5X版）,同意,同意,同意,非常同意,非常同意,非常同意,非常同意,非常同意,非常同意,非常同意,非常同意,非常同意,非常同意,非常同意,同意,同意,同意,同意,同意,同意,同意,同意,同意,非常同意,同意,同意,非常同意,會,501元-700元
2025/5/29 下午 5:44:42,女,46-50歲,大學/大專,家庭主婦,北部（台北、新北、基隆、桃園、新竹、苗栗）,"$30,000元(含)以下","$20,000元(含)以下",沒有使用過，未來也不會使用,,,沒有使用防曬產品,都沒有用過,非常不同意,非常不同意,非常不同意,普通,普通,普通,普通,普通,普通,不同意,不同意,不同意,不同意,不同意,普通,普通,普通,普通,不同意,不同意,不同意,不同意,普通,普通,普通,普通,普通,不會,
2025/5/29 下午 5:53:19,女,18-25歲,大學/大專,學生,北部（台北、新北、基隆、桃園、新竹、苗栗）,"$30,000元(含)以下","$20,000元(含)以下",一直有使用,1-2 年,每天,防曬霜 (Sunscreen Cream),金鑽高效防曬露NA（5X版）,普通,同意,同意,非常同意,同意,非常同意,非常同意,非常同意,非常同意,非常同意,非常同意,普通,非常同意,同意,普通,同意,普通,普通,普通,普通,普通,不同意,同意,不同意,普通,同意,普通,會,501元-700元
2025/5/29 下午 6:02:34,男,46-50歲,大學/大專,服務業,北部（台北、新北、基隆、桃園、新竹、苗栗）,"$150,000元以上","$60,001-80,000元",曾經使用過,3個月以下,七個月以上一次,"防曬乳液 (Sunscreen Lotion), 防曬噴霧 (Sunscreen Spray)",都沒有用過,普通,普通,普通,普通,普通,普通,普通,普通,普通,普通,普通,普通,普通,普通,普通,普通,普通,普通,普通,普通,普通,普通,非常同意,非常同意,普通,同意,同意,會,300元-500元
2025/5/29 下午 6:08:05,男,51-55歲,碩士,傳播/文化業,北部（台北、新北、基隆、桃園、新竹、苗栗）,"$70,001-90,000元","$40,001-60,000元",曾經使用過,,,沒有使用防曬產品,都沒有用過,普通,普通,普通,普通,普通,普通,普通,普通,普通,普通,普通,普通,普通,普通,普通,普通,普通,普通,普通,普通,普通,普通,普通,普通,普通,普通,普通,不會,
2025/5/29 下午 7:20:50,女,51-55歲,碩士,資訊科技業,北部（台北、新北、基隆、桃園、新竹、苗栗）,"$90,001-110,000元","$60,001-80,000元",曾經使用過,3個月以下,兩到三個月一次,防曬乳液 (Sunscreen Lotion),都沒有用過,普通,普通,普通,同意,普通,普通,普通,普通,普通,普通,普通,普通,普通,普通,普通,普通,普通,普通,普通,普通,普通,普通,同意,同意,同意,同意,同意,不會,
2025/5/29 下午 7:25:34,女,18-25歲,大學/大專,學生,中部（台中、彰化、南投、雲林）,"$30,000元(含)以下","$20,000元(含)以下",曾經使用過,3個月以下,四到五天一次,"防曬乳液 (Sunscreen Lotion), 防曬霜 (Sunscreen Cream)",都沒有用過,同意,同意,普通,非常同意,同意,同意,同意,同意,同意,普通,普通,普通,普通,普通,同意,普通,普通,普通,普通,普通,同意,普通,同意,同意,非常同意,同意,同意,會,701元-900元
2025/5/29 下午 7:46:58,男,51-55歲,碩士,資訊科技業,北部（台北、新北、基隆、桃園、新竹、苗栗）,"$130,001-150,000元","$80,001-100,000元",曾經使用過,3個月以下,五到七天一次,沒有使用防曬產品,都沒有用過,普通,普通,不同意,普通,普通,普通,普通,普通,普通,普通,普通,普通,普通,普通,普通,普通,普通,普通,普通,普通,普通,普通,普通,普通,普通,普通,普通,不會,501元-700元
2025/5/29 下午 7:54:18,男,46-50歲,碩士,資訊科技業,北部（台北、新北、基隆、桃園、新竹、苗栗）,"$130,001-150,000元","$120,000元以上",曾經使用過,3個月以下,七個月以上一次,防曬乳液 (Sunscreen Lotion),都沒有用過,普通,普通,普通,同意,同意,同意,同意,同意,同意,同意,同意,同意,同意,普通,普通,普通,普通,普通,普通,普通,普通,普通,同意,非常不同意,非常不同意,非常不同意,非常不同意,不會,701元-900元
2025/5/29 下午 7:57:21,男,51-55歲,碩士,服務業,中部（台中、彰化、南投、雲林）,"$70,001-90,000元","$40,001-60,000元",曾經使用過,3-6個月,兩到三週一次,防曬噴霧 (Sunscreen Spray),金鑽高效防曬露NA（5X版）,同意,同意,普通,同意,同意,同意,同意,普通,同意,同意,普通,普通,普通,普通,同意,同意,同意,同意,普通,普通,普通,普通,同意,同意,同意,同意,同意,會,小於300
2025/5/29 下午 8:03:32,男,51-55歲,大學/大專,傳播/文化業,北部（台北、新北、基隆、桃園、新竹、苗栗）,"$150,000元以上","$120,000元以上",一直有使用,3-4年,每天,防曬乳液 (Sunscreen Lotion),金鑽高效防曬露NA（5X版）,同意,同意,同意,同意,同意,同意,同意,同意,同意,同意,同意,同意,同意,同意,普通,普通,普通,普通,普通,普通,普通,普通,同意,同意,同意,同意,同意,會,大於1300
2025/5/29 下午 8:09:49,女,41-45歲,大學/大專,專業人員(醫生、律師、工程師等),北部（台北、新北、基隆、桃園、新竹、苗栗）,"$150,000元以上","$80,001-100,000元",一直有使用,6年以上,每天,防曬霜 (Sunscreen Cream),"金鑽高效防曬露NA（5X版）, 輕親柔光敏感肌防曬露NA",普通,同意,普通,同意,同意,同意,同意,普通,同意,普通,普通,同意,普通,普通,同意,同意,同意,同意,不同意,不同意,不同意,不同意,同意,同意,同意,同意,同意,不會,
2025/5/29 下午 8:10:38,女,46-50歲,碩士,自由業,北部（台北、新北、基隆、桃園、新竹、苗栗）,"$50,001-70,000元","$40,001-60,000元",一直有使用,6年以上,兩到三天一次,防曬乳液 (Sunscreen Lotion),都沒有用過,同意,同意,同意,同意,同意,同意,同意,同意,同意,同意,同意,普通,同意,同意,普通,同意,普通,普通,同意,普通,同意,普通,同意,同意,同意,同意,同意,不會,701元-900元
2025/5/29 下午 8:15:45,男,18-25歲,大學/大專,學生,北部（台北、新北、基隆、桃園、新竹、苗栗）,"$30,000元(含)以下","$20,000元(含)以下",曾經使用過,3-6個月,五到七天一次,"防曬乳液 (Sunscreen Lotion), 防曬霜 (Sunscreen Cream)","輕親柔光敏感肌防曬露NA, 美光燈潤色防曬凝膠N",同意,同意,同意,同意,同意,同意,同意,同意,同意,同意,普通,同意,同意,同意,同意,同意,同意,同意,同意,普通,普通,普通,同意,同意,同意,普通,同意,會,300元-500元
2025/5/29 下午 8:28:01,男,46-50歲,四技五專,製造業,北部（台北、新北、基隆、桃園、新竹、苗栗）,"$30,001-50,000元","$20,000元(含)以下",沒有使用過，但未來想要使用(不排斥),,,防曬乳液 (Sunscreen Lotion),都沒有用過,普通,普通,普通,普通,普通,普通,普通,普通,普通,普通,普通,普通,普通,普通,普通,普通,普通,普通,普通,普通,普通,普通,普通,普通,普通,普通,普通,會,小於300
2025/5/29 下午 8:33:33,男,51-55歲,高中(職),服務業,北部（台北、新北、基隆、桃園、新竹、苗栗）,"$30,001-50,000元","$80,001-100,000元",曾經使用過,3個月以下,兩到三個月一次,防曬噴霧 (Sunscreen Spray),都沒有用過,普通,不同意,不同意,同意,同意,同意,同意,同意,同意,同意,同意,同意,同意,同意,同意,同意,同意,同意,同意,同意,同意,同意,同意,同意,同意,同意,同意,會,小於300
2025/5/29 下午 8:39:28,男,51-55歲,碩士,製造業,北部（台北、新北、基隆、桃園、新竹、苗栗）,"$150,000元以上","$60,001-80,000元",曾經使用過,6年以上,七個月以上一次,防曬乳液 (Sunscreen Lotion),都沒有用過,普通,普通,普通,普通,普通,普通,普通,普通,普通,普通,普通,普通,普通,普通,普通,普通,普通,普通,普通,普通,普通,普通,普通,普通,普通,普通,普通,不會,
2025/5/29 下午 9:06:38,女,46-50歲,大學/大專,軍公教人員(軍人、公務人員、教師),北部（台北、新北、基隆、桃園、新竹、苗栗）,"$50,001-70,000元","$20,000元(含)以下",曾經使用過,6年以上,每天,"防曬噴霧 (Sunscreen Spray), 防曬凝膠 (Sunscreen Gel)",金鑽高效防曬露NA（5X版）,同意,同意,普通,非常同意,同意,同意,同意,同意,同意,同意,同意,同意,同意,同意,同意,同意,同意,同意,同意,同意,同意,同意,同意,普通,普通,普通,普通,會,300元-500元
2025/5/29 下午 9:36:53,男,41-45歲,碩士,專業人員(醫生、律師、工程師等),南部（嘉義、台南、高雄、屏東）,"$130,001-150,000元","$40,001-60,000元",曾經使用過,6年以上,兩到三週一次,"防曬乳液 (Sunscreen Lotion), 防曬噴霧 (Sunscreen Spray)",金鑽高效防曬露NA（5X版）,同意,同意,同意,同意,同意,同意,同意,同意,同意,同意,同意,同意,同意,同意,普通,普通,同意,普通,普通,普通,普通,普通,普通,不同意,不同意,不同意,不同意,會,小於300
2025/5/29 下午 9:41:01,女,18-25歲,大學/大專,學生,北部（台北、新北、基隆、桃園、新竹、苗栗）,"$30,000元(含)以下","$20,000元(含)以下",一直有使用,6年以上,每天,"防曬乳液 (Sunscreen Lotion), 防曬霜 (Sunscreen Cream)","金鑽高效防曬露NA（5X版）, 金鑽高效水感防曬凝膠NA",非常同意,非常同意,非常同意,非常同意,非常同意,非常同意,非常同意,非常同意,非常同意,非常同意,非常同意,非常同意,非常同意,非常同意,非常同意,非常同意,非常同意,非常同意,非常同意,非常同意,非常同意,非常同意,非常同意,非常同意,非常同意,非常同意,非常同意,會,300元-500元
2025/5/29 下午 9:42:33,女,46-50歲,碩士,家庭主婦,中部（台中、彰化、南投、雲林）,"$30,001-50,000元","$40,001-60,000元",曾經使用過,3個月以下,七個月以上一次,"防曬乳液 (Sunscreen Lotion), 防曬噴霧 (Sunscreen Spray)",都沒有用過,普通,普通,普通,普通,普通,普通,普通,普通,普通,普通,普通,普通,普通,普通,普通,普通,普通,普通,非常不同意,非常不同意,非常不同意,非常不同意,普通,普通,普通,普通,普通,不會,
2025/5/29 下午 9:49:51,女,51-55歲,四技五專,服務業,北部（台北、新北、基隆、桃園、新竹、苗栗）,"$30,001-50,000元","$20,000元(含)以下",曾經使用過,6年以上,兩到三週一次,"防曬乳液 (Sunscreen Lotion), 防曬噴霧 (Sunscreen Spray)",金鑽高效防曬露NA（5X版）,同意,同意,同意,同意,同意,同意,同意,同意,同意,同意,同意,同意,同意,同意,同意,同意,同意,同意,普通,普通,普通,普通,同意,同意,同意,同意,同意,會,501元-700元
2025/5/29 下午 9:53:13,男,18歲以下,大學/大專,學生,北部（台北、新北、基隆、桃園、新竹、苗栗）,"$30,000元(含)以下","$20,000元(含)以下",曾經使用過,3個月以下,四到六個月一次,防曬乳液 (Sunscreen Lotion),都沒有用過,同意,同意,同意,同意,同意,同意,同意,同意,同意,同意,同意,同意,同意,同意,普通,同意,同意,普通,同意,同意,同意,同意,同意,同意,同意,同意,同意,會,300元-500元
2025/5/29 下午 11:48:46,女,51-55歲,碩士,軍公教人員(軍人、公務人員、教師),北部（台北、新北、基隆、桃園、新竹、苗栗）,"$70,001-90,000元","$60,001-80,000元",一直有使用,6年以上,每天,"防曬乳液 (Sunscreen Lotion), 防曬噴霧 (Sunscreen Spray)",金鑽高效防曬露NA（5X版）,同意,同意,同意,同意,同意,同意,同意,同意,同意,同意,同意,同意,同意,同意,同意,同意,同意,同意,普通,普通,普通,普通,普通,普通,同意,普通,同意,會,300元-500元
2025/5/30 上午 12:12:08,男,18-25歲,大學/大專,學生,中部（台中、彰化、南投、雲林）,"$30,000元(含)以下","$20,000元(含)以下",曾經使用過,6年以上,四到六個月一次,防曬乳液 (Sunscreen Lotion),都沒有用過,普通,普通,普通,普通,普通,普通,普通,普通,普通,普通,普通,普通,普通,普通,同意,同意,同意,同意,同意,同意,同意,同意,同意,同意,同意,同意,同意,會,501元-700元
2025/5/30 上午 12:48:31,女,46-50歲,碩士,自由業,北部（台北、新北、基隆、桃園、新竹、苗栗）,"$90,001-110,000元","$80,001-100,000元",一直有使用,6年以上,每天,"防曬乳液 (Sunscreen Lotion), 防曬霜 (Sunscreen Cream), 防曬噴霧 (Sunscreen Spray)",金鑽高效防曬露NA（5X版）,非常同意,非常同意,非常同意,同意,同意,同意,同意,非常同意,非常同意,同意,同意,同意,同意,同意,普通,普通,普通,不同意,普通,普通,普通,普通,非常同意,非常同意,同意,非常同意,非常同意,會,300元-500元
2025/5/30 上午 12:58:30,女,51-55歲,博士,軍公教人員(軍人、公務人員、教師),中部（台中、彰化、南投、雲林）,"$110,001-130,000元","$80,001-100,000元",曾經使用過,3個月以下,七個月以上一次,防曬乳液 (Sunscreen Lotion),都沒有用過,不同意,不同意,非常不同意,普通,普通,普通,普通,普通,普通,普通,普通,普通,普通,普通,普通,普通,普通,普通,普通,普通,普通,普通,普通,普通,普通,普通,普通,不會,
2025/5/30 上午 2:40:46,男,18-25歲,大學/大專,學生,北部（台北、新北、基隆、桃園、新竹、苗栗）,"$30,000元(含)以下","$20,000元(含)以下",沒有使用過，未來也不會使用,,,沒有使用防曬產品,都沒有用過,非常不同意,非常不同意,非常不同意,普通,普通,普通,普通,普通,普通,非常不同意,非常不同意,非常不同意,非常不同意,非常不同意,普通,普通,普通,普通,非常不同意,非常不同意,非常不同意,非常不同意,普通,非常不同意,普通,同意,同意,不會,小於300
2025/5/30 上午 5:50:02,女,41-45歲,大學/大專,資訊科技業,北部（台北、新北、基隆、桃園、新竹、苗栗）,"$150,000元以上","$80,001-100,000元",曾經使用過,6年以上,兩到三週一次,"防曬乳液 (Sunscreen Lotion), 防曬噴霧 (Sunscreen Spray)",金鑽高效防曬露NA（5X版）,同意,同意,同意,同意,同意,同意,同意,同意,同意,同意,同意,同意,同意,同意,普通,普通,普通,普通,普通,普通,普通,不同意,普通,普通,普通,普通,普通,會,501元-700元
2025/5/30 上午 8:38:57,女,51-55歲,碩士,行政,北部（台北、新北、基隆、桃園、新竹、苗栗）,"$70,001-90,000元","$40,001-60,000元",曾經使用過,6年以上,兩到三週一次,防曬乳液 (Sunscreen Lotion),"金鑽高效防曬露NA（5X版）, 金鑽高效水感防曬凝膠NA",同意,同意,同意,同意,普通,同意,同意,同意,同意,普通,普通,不同意,普通,不同意,普通,普通,同意,普通,不同意,不同意,不同意,不同意,同意,不同意,普通,同意,同意,會,501元-700元
2025/5/30 上午 9:32:33,女,51-55歲,碩士,製造業,北部（台北、新北、基隆、桃園、新竹、苗栗）,"$50,001-70,000元","$20,001-40,000元",一直有使用,6年以上,每天,"防曬乳液 (Sunscreen Lotion), 防曬霜 (Sunscreen Cream)",輕親柔光敏感肌防曬露NA,同意,同意,同意,同意,同意,同意,同意,同意,同意,同意,同意,同意,同意,同意,普通,普通,普通,普通,普通,普通,普通,普通,同意,同意,同意,同意,同意,會,小於300
2025/5/30 上午 9:40:22,男,41-45歲,碩士,服務業,北部（台北、新北、基隆、桃園、新竹、苗栗）,"$150,000元以上","$120,000元以上",一直有使用,6年以上,四到五天一次,"防曬乳液 (Sunscreen Lotion), 防曬噴霧 (Sunscreen Spray)",金鑽高效防曬露NA（5X版）,普通,普通,普通,普通,普通,普通,普通,普通,普通,普通,普通,普通,普通,普通,普通,普通,普通,普通,普通,普通,普通,普通,同意,同意,同意,同意,同意,會,小於300
2025/5/30 上午 9:51:49,男,18-25歲,碩士,專業人員(醫生、律師、工程師等),北部（台北、新北、基隆、桃園、新竹、苗栗）,"$70,001-90,000元","$40,001-60,000元",曾經使用過,1-2 年,兩到三週一次,防曬乳液 (Sunscreen Lotion),金鑽高效防曬露NA（5X版）,同意,非常同意,非常同意,同意,同意,同意,普通,同意,同意,同意,普通,同意,同意,普通,同意,同意,同意,同意,同意,普通,同意,同意,普通,普通,普通,普通,普通,會,901元-1200元
2025/5/30 下午 12:27:01,男,18-25歲,大學/大專,學生,北部（台北、新北、基隆、桃園、新竹、苗栗）,"$30,000元(含)以下","$20,000元(含)以下",沒有使用過，但未來想要使用(不排斥),,,"防曬乳液 (Sunscreen Lotion), 防曬霜 (Sunscreen Cream), 防曬噴霧 (Sunscreen Spray)",都沒有用過,同意,同意,同意,同意,同意,同意,同意,同意,同意,同意,同意,同意,同意,同意,同意,同意,同意,同意,同意,同意,同意,同意,同意,同意,同意,同意,同意,不會,
2025/5/30 下午 1:33:59,女,46-50歲,大學/大專,服務業,北部（台北、新北、基隆、桃園、新竹、苗栗）,"$50,001-70,000元","$60,001-80,000元",曾經使用過,6年以上,兩到三週一次,"防曬乳液 (Sunscreen Lotion), 防曬棒 (Sunscreen Stick)","金鑽高效水感防曬凝膠NA, 輕親柔光敏感肌防曬露NA, 美光燈潤色防曬凝膠N",同意,同意,同意,同意,同意,同意,同意,普通,同意,同意,普通,普通,普通,普通,普通,普通,同意,普通,普通,普通,同意,普通,普通,普通,普通,普通,普通,會,300元-500元
2025/5/30 下午 2:59:40,女,18-25歲,大學/大專,學生,北部（台北、新北、基隆、桃園、新竹、苗栗）,"$30,000元(含)以下","$20,000元(含)以下",一直有使用,6年以上,一週一次,"防曬乳液 (Sunscreen Lotion), 防曬噴霧 (Sunscreen Spray)",金鑽高效水感防曬凝膠NA,同意,同意,同意,同意,同意,同意,同意,同意,同意,同意,同意,普通,普通,普通,同意,同意,同意,普通,普通,普通,普通,普通,同意,同意,同意,普通,同意,會,300元-500元
2025/5/30 下午 3:52:37,男,18-25歲,大學/大專,學生,北部（台北、新北、基隆、桃園、新竹、苗栗）,"$30,000元(含)以下","$20,000元(含)以下",曾經使用過,3-6個月,四到六個月一次,"防曬乳液 (Sunscreen Lotion), 防曬噴霧 (Sunscreen Spray)",都沒有用過,同意,同意,同意,同意,同意,同意,同意,同意,同意,同意,同意,同意,同意,同意,同意,同意,同意,同意,同意,同意,同意,同意,同意,同意,同意,同意,同意,會,300元-500元
2025/5/30 下午 6:07:41,男,18-25歲,大學/大專,學生,北部（台北、新北、基隆、桃園、新竹、苗栗）,"$30,001-50,000元","$20,001-40,000元",曾經使用過,3個月以下,兩到三天一次,防曬噴霧 (Sunscreen Spray),都沒有用過,不同意,普通,普通,普通,普通,普通,普通,普通,普通,普通,普通,普通,普通,普通,普通,普通,普通,普通,普通,普通,普通,普通,同意,同意,同意,同意,同意,不會,
2025/5/30 下午 7:44:55,女,18-25歲,大學/大專,學生,北部（台北、新北、基隆、桃園、新竹、苗栗）,"$30,000元(含)以下","$20,000元(含)以下",曾經使用過,1-2 年,一週一次,防曬乳液 (Sunscreen Lotion),金鑽高效防曬露NA（5X版）,同意,同意,同意,同意,同意,同意,同意,同意,同意,同意,同意,同意,同意,同意,同意,同意,同意,同意,普通,普通,普通,普通,普通,同意,普通,普通,普通,會,300元-500元
2025/5/30 下午 8:18:54,女,18-25歲,大學/大專,學生,北部（台北、新北、基隆、桃園、新竹、苗栗）,"$30,000元(含)以下","$20,000元(含)以下",一直有使用,6年以上,每天,"防曬乳液 (Sunscreen Lotion), 防曬噴霧 (Sunscreen Spray)",金鑽高效防曬露NA（5X版）,非常同意,非常同意,同意,非常同意,同意,同意,同意,非常同意,同意,非常同意,非常同意,非常同意,非常同意,非常同意,同意,同意,非常同意,同意,同意,同意,同意,同意,同意,普通,同意,同意,同意,會,501元-700元
2025/5/30 下午 8:26:58,男,18歲以下,高中(職),學生,中部（台中、彰化、南投、雲林）,"$30,000元(含)以下","$20,000元(含)以下",沒有使用過，但未來想要使用(不排斥),3個月以下,七個月以上一次,沒有使用防曬產品,都沒有用過,非常不同意,非常不同意,非常不同意,非常不同意,非常不同意,非常不同意,非常不同意,非常不同意,非常不同意,非常不同意,非常不同意,非常不同意,非常不同意,非常不同意,非常不同意,非常不同意,非常不同意,非常不同意,非常不同意,非常不同意,非常不同意,非常不同意,非常不同意,不同意,非常不同意,不同意,普通,不會,小於300
2025/5/30 下午 8:27:56,男,18-25歲,大學/大專,學生,北部（台北、新北、基隆、桃園、新竹、苗栗）,"$30,000元(含)以下","$20,000元(含)以下",曾經使用過,3個月以下,一週一次,"防曬乳液 (Sunscreen Lotion), 防曬霜 (Sunscreen Cream), 防曬噴霧 (Sunscreen Spray)","金鑽高效防曬露NA（5X版）, 輕親柔光敏感肌防曬露NA",非常同意,非常同意,非常同意,非常同意,非常同意,非常同意,非常同意,非常同意,非常同意,同意,非常同意,同意,同意,同意,非常同意,非常同意,非常同意,非常同意,普通,普通,普通,普通,非常同意,非常同意,非常同意,非常同意,非常同意,會,701元-900元
2025/5/30 下午 8:39:46,男,18-25歲,大學/大專,學生,北部（台北、新北、基隆、桃園、新竹、苗栗）,"$30,000元(含)以下","$20,000元(含)以下",一直有使用,1-2 年,一週一次,"防曬乳液 (Sunscreen Lotion), 防曬霜 (Sunscreen Cream), 防曬噴霧 (Sunscreen Spray)","金鑽高效防曬露NA（5X版）, 輕親柔光敏感肌防曬露NA",非常同意,非常同意,非常同意,非常同意,非常同意,非常同意,非常同意,非常同意,非常同意,非常同意,非常同意,非常同意,非常同意,非常同意,非常同意,非常同意,非常同意,非常同意,非常同意,非常同意,非常同意,非常同意,非常同意,非常同意,非常同意,非常同意,非常同意,會,701元-900元
2025/5/30 下午 9:33:56,男,18-25歲,大學/大專,學生,南部（嘉義、台南、高雄、屏東）,"$30,000元(含)以下","$20,000元(含)以下",曾經使用過,3個月以下,兩到三週一次,沒有使用防曬產品,"都沒有用過, 濾鏡美顏日間防護精華N",同意,同意,同意,普通,普通,普通,普通,普通,普通,普通,普通,普通,普通,普通,普通,普通,普通,普通,普通,普通,普通,普通,普通,普通,普通,普通,普通,不會,小於300
2025/5/30 下午 10:13:34,男,18-25歲,大學/大專,學生,北部（台北、新北、基隆、桃園、新竹、苗栗）,"$30,000元(含)以下","$20,000元(含)以下",曾經使用過,3個月以下,四到六個月一次,"防曬乳液 (Sunscreen Lotion), 防曬噴霧 (Sunscreen Spray)",都沒有用過,同意,同意,普通,普通,普通,普通,同意,同意,同意,同意,同意,普通,普通,普通,普通,普通,普通,普通,普通,普通,普通,普通,同意,普通,非常同意,同意,同意,不會,
2025/5/30 下午 10:18:32,男,46-50歲,大學/大專,服務業,北部（台北、新北、基隆、桃園、新竹、苗栗）,"$150,000元以上","$100,001-120,000元",曾經使用過,6年以上,兩到三個月一次,"防曬乳液 (Sunscreen Lotion), 防曬噴霧 (Sunscreen Spray)",金鑽高效水感防曬凝膠NA,同意,同意,普通,普通,普通,同意,同意,普通,普通,同意,普通,普通,同意,普通,同意,同意,同意,普通,普通,普通,普通,普通,普通,同意,普通,普通,普通,會,701元-900元
2025/5/30 下午 10:22:26,女,41-45歲,大學/大專,服務業,北部（台北、新北、基隆、桃園、新竹、苗栗）,"$30,001-50,000元","$20,000元(含)以下",曾經使用過,5-6年,兩到三天一次,"防曬乳液 (Sunscreen Lotion), 防曬霜 (Sunscreen Cream), 防曬噴霧 (Sunscreen Spray)",都沒有用過,普通,普通,普通,同意,同意,同意,同意,普通,同意,普通,普通,普通,同意,普通,普通,普通,普通,普通,普通,普通,普通,普通,同意,同意,同意,同意,同意,不會,
2025/5/30 下午 10:45:54,女,18歲以下,高中(職),學生,北部（台北、新北、基隆、桃園、新竹、苗栗）,"$30,000元(含)以下","$20,000元(含)以下",一直有使用,6年以上,每天,防曬乳液 (Sunscreen Lotion),都沒有用過,普通,普通,普通,普通,普通,普通,普通,普通,普通,普通,普通,普通,普通,普通,普通,普通,普通,普通,普通,普通,普通,普通,普通,普通,普通,普通,普通,會,501元-700元
2025/5/30 下午 10:54:55,女,18-25歲,大學/大專,學生,北部（台北、新北、基隆、桃園、新竹、苗栗）,"$30,000元(含)以下","$20,001-40,000元",一直有使用,6年以上,每天,"防曬乳液 (Sunscreen Lotion), 防曬噴霧 (Sunscreen Spray)","金鑽高效防曬露NA（5X版）, 金鑽高效水感防曬凝膠NA",非常同意,非常同意,非常同意,非常同意,非常同意,非常同意,非常同意,非常同意,非常同意,非常同意,非常同意,非常同意,非常同意,非常同意,非常同意,非常同意,非常同意,非常同意,非常同意,非常同意,非常同意,非常同意,非常同意,非常同意,非常同意,非常同意,非常同意,會,901元-1200元
2025/5/30 下午 11:30:26,男,18-25歲,高中(職),學生,北部（台北、新北、基隆、桃園、新竹、苗栗）,"$30,000元(含)以下","$20,000元(含)以下",曾經使用過,3個月以下,七個月以上一次,沒有使用防曬產品,都沒有用過,普通,普通,不同意,同意,普通,同意,同意,同意,同意,普通,同意,普通,同意,普通,同意,同意,同意,普通,不同意,不同意,普通,普通,同意,同意,普通,同意,普通,會,701元-900元
2025/5/30 下午 11:51:45,男,18-25歲,高中(職),學生,北部（台北、新北、基隆、桃園、新竹、苗栗）,"$30,000元(含)以下","$20,000元(含)以下",曾經使用過,2-3年,七個月以上一次,"防曬乳液 (Sunscreen Lotion), 防曬噴霧 (Sunscreen Spray)",都沒有用過,非常不同意,非常不同意,非常不同意,同意,同意,同意,同意,同意,同意,非常同意,非常同意,非常同意,非常同意,非常同意,普通,普通,普通,普通,普通,普通,普通,普通,非常同意,非常同意,非常同意,非常同意,非常同意,不會,300元-500元
2025/5/31 上午 8:56:26,女,46-50歲,碩士,服務業,北部（台北、新北、基隆、桃園、新竹、苗栗）,"$70,001-90,000元","$60,001-80,000元",曾經使用過,6年以上,一週一次,"防曬乳液 (Sunscreen Lotion), 防曬噴霧 (Sunscreen Spray), 防曬粉 (Sunscreen Powder)",金鑽高效防曬露NA（5X版）,同意,同意,普通,同意,同意,同意,同意,同意,同意,普通,普通,普通,普通,普通,普通,普通,普通,普通,不同意,不同意,不同意,不同意,普通,普通,普通,普通,普通,會,300元-500元
2025/5/31 上午 10:46:25,女,18-25歲,大學/大專,學生,北部（台北、新北、基隆、桃園、新竹、苗栗）,"$30,000元(含)以下","$20,000元(含)以下",曾經使用過,2-3年,五到七天一次,"防曬乳液 (Sunscreen Lotion), 防曬噴霧 (Sunscreen Spray)",都沒有用過,普通,普通,普通,普通,普通,普通,普通,普通,普通,普通,普通,普通,普通,普通,普通,普通,普通,普通,普通,普通,普通,普通,普通,普通,普通,普通,普通,會,小於300
2025/5/31 上午 11:00:39,女,18-25歲,大學/大專,學生,北部（台北、新北、基隆、桃園、新竹、苗栗）,"$30,000元(含)以下","$20,000元(含)以下",曾經使用過,6-12個月,兩到三週一次,防曬霜 (Sunscreen Cream),金鑽高效水感防曬凝膠NA,普通,普通,普通,普通,普通,同意,普通,普通,普通,普通,普通,普通,普通,普通,普通,普通,普通,普通,不同意,不同意,不同意,不同意,同意,同意,同意,同意,同意,不會,300元-500元
2025/5/31 下午 12:48:19,男,18-25歲,大學/大專,學生,北部（台北、新北、基隆、桃園、新竹、苗栗）,"$30,000元(含)以下","$20,000元(含)以下",曾經使用過,6-12個月,四到六個月一次,防曬乳液 (Sunscreen Lotion),都沒有用過,同意,同意,同意,普通,同意,同意,同意,同意,同意,同意,同意,普通,同意,同意,普通,同意,同意,同意,同意,同意,同意,同意,非常同意,同意,非常同意,非常同意,同意,不會,501元-700元
2025/5/31 下午 3:13:09,男,18-25歲,大學/大專,學生,北部（台北、新北、基隆、桃園、新竹、苗栗）,"$30,000元(含)以下","$20,000元(含)以下",曾經使用過,2-3年,兩到三週一次,沒有使用防曬產品,金鑽高效水感防曬凝膠NA,同意,同意,同意,同意,同意,同意,同意,同意,同意,同意,普通,普通,普通,普通,同意,普通,同意,普通,普通,普通,普通,普通,非常同意,非常同意,非常同意,普通,普通,會,300元-500元
2025/5/31 下午 3:47:50,男,18-25歲,大學/大專,學生,北部（台北、新北、基隆、桃園、新竹、苗栗）,"$30,000元(含)以下","$20,000元(含)以下",曾經使用過,2-3年,兩到三個月一次,防曬乳液 (Sunscreen Lotion),金鑽高效水感防曬凝膠NA,同意,同意,普通,同意,同意,同意,同意,同意,同意,普通,同意,同意,同意,普通,同意,同意,同意,同意,同意,非常同意,非常同意,普通,同意,同意,非常同意,同意,非常同意,會,701元-900元
2025/5/31 下午 7:58:16,女,18-25歲,大學/大專,學生,北部（台北、新北、基隆、桃園、新竹、苗栗）,"$30,000元(含)以下","$20,000元(含)以下",一直有使用,6年以上,每天,"防曬乳液 (Sunscreen Lotion), 防曬霜 (Sunscreen Cream), 防曬棒 (Sunscreen Stick)",金鑽高效防曬露NA（5X版）,不同意,普通,不同意,同意,同意,同意,同意,同意,同意,不同意,不同意,不同意,不同意,不同意,非常同意,同意,非常同意,同意,不同意,不同意,不同意,不同意,非常同意,不同意,非常同意,非常同意,非常同意,不會,
2025/5/31 下午 7:58:58,男,18-25歲,大學/大專,學生,北部（台北、新北、基隆、桃園、新竹、苗栗）,"$30,000元(含)以下","$20,000元(含)以下",曾經使用過,3個月以下,四到六個月一次,防曬乳液 (Sunscreen Lotion),美光燈潤色防曬凝膠N,普通,同意,普通,同意,同意,同意,同意,同意,同意,同意,同意,普通,同意,普通,普通,同意,同意,同意,不同意,不同意,不同意,不同意,同意,同意,同意,同意,同意,會,小於300
2025/5/31 下午 10:50:27,女,18-25歲,大學/大專,學生,北部（台北、新北、基隆、桃園、新竹、苗栗）,"$30,000元(含)以下","$20,000元(含)以下",曾經使用過,3-6個月,一個月一次,防曬乳液 (Sunscreen Lotion),"金鑽高效水感防曬凝膠NA, 輕親柔光敏感肌防曬露NA",同意,同意,同意,同意,同意,同意,同意,同意,同意,同意,同意,同意,同意,同意,同意,同意,同意,同意,同意,同意,同意,同意,非常同意,非常同意,非常同意,非常同意,非常同意,會,300元-500元
2025/6/1 上午 12:31:57,男,18-25歲,大學/大專,學生,北部（台北、新北、基隆、桃園、新竹、苗栗）,"$30,000元(含)以下","$20,000元(含)以下",一直有使用,1-2 年,每天,"防曬乳液 (Sunscreen Lotion), 防曬霜 (Sunscreen Cream)",都沒有用過,普通,普通,普通,同意,同意,同意,同意,同意,同意,普通,普通,普通,同意,同意,同意,同意,同意,同意,同意,同意,同意,同意,同意,同意,同意,同意,同意,會,300元-500元
2025/6/1 上午 1:12:43,女,18-25歲,大學/大專,學生,北部（台北、新北、基隆、桃園、新竹、苗栗）,"$30,000元(含)以下","$20,000元(含)以下",一直有使用,3個月以下,每天,沒有使用防曬產品,都沒有用過,普通,普通,普通,普通,普通,普通,普通,普通,普通,普通,普通,普通,普通,普通,普通,普通,普通,普通,普通,普通,普通,普通,普通,普通,普通,普通,普通,會,小於300
2025/6/1 上午 1:52:05,女,18-25歲,大學/大專,學生,北部（台北、新北、基隆、桃園、新竹、苗栗）,"$30,000元(含)以下","$20,000元(含)以下",一直有使用,3個月以下,每天,防曬乳液 (Sunscreen Lotion),金鑽高效防曬露NA（5X版）,同意,同意,同意,同意,同意,同意,同意,同意,同意,同意,同意,同意,同意,同意,同意,同意,同意,普通,不同意,不同意,不同意,不同意,不同意,不同意,不同意,不同意,不同意,會,小於300